prompt,generated_text,token_count,ttft,tbt,e2e
Python和Java的区别是什么？," Python和Java都是流行的编程语言，它们在语法、应用领域和设计哲学上有所不同。以下是它们之间的一些主要区别：

1. 语法：
Python 采用简洁的语法，代码可读性高，减少开发者的编码时间。而 Java 语法相对较为复杂，需要更多的注释和代码行数来实现相同的功能。

2. 类型系统：
Python 是动态类型语言，变量可以在运行时改变类型。Java 是静态类型语言，变量的类型",100,87.0218276977539,66.45357247554895,6665.9255027771
请详细分析大语言模型推理过程中的性能瓶颈，包括显存带宽、计算能力、内存访问等各个方面的影响因素，并给出具体的优化建议。要求分点说明，每个点不少于100字。," 大语言模型推理过程中的性能瓶颈包括显存带宽、计算能力、内存访问等多个方面，这些因素共同作用，限制了模型的推理速度和效率。以下将详细分析这些瓶颈，并给出具体的优化建议。

1. 显存带宽：显存带宽是指显卡在单位时间内可以读取或写入显存的数据量。显存带宽不足会导致数据传输速度下降，进而影响推理速度。为了解决这一问题，",100,72.20959663391113,66.57191478844845,6662.829160690308
介绍一下人工智能的应用场景。," 1. 语音识别与自然语言处理：通过将语音转换为文本，使得计算机能够理解人类的口头语言，从而实现与人类的自然交流。
2. 人脸识别与身份验证：通过分析人脸的特征，可以实现人脸识别和身份验证，用于安全、监控和识别等领域。
3. 推荐系统：通过分析用户的历史行为数据，为用户提供个性化推荐，提高用户体验。
4. 无人驾驶：通过感知环境、预测行为和决策，",100,72.76558876037598,66.559333993931,6662.139654159546
介绍一下人工智能的应用场景。," 人工智能（AI）的应用场景非常广泛，涵盖了几乎所有的行业和领域。以下是一些主要的人工智能应用场景：

1. 语音识别：将语音转换为文本，用于自动语音转录、语音助手、智能家居等应用。

2. 机器翻译：将一种语言的文本自动翻译成另一种语言，支持全球化的信息交流和跨文化交流。

3. 图像识别：识别和分类图像中的物体、人物、场景等，应用于安防监控、医疗",100,72.78084754943848,66.724945800473,6678.550481796265
如何提高编程效率？," 1. 选择合适的开发工具和框架，提高开发效率；
2. 学习使用版本控制系统，便于团队协作和代码管理；
3. 编写高质量的代码，注重代码的可读性和可维护性；
4. 采用自动化测试，减少人工测试的时间和成本；
5. 建立代码复用机制，减少重复劳动；
6. 采用敏捷开发方法，提高开发效率和项目管理效率。以上措施可以提高编程",100,72.52359390258789,66.81071628223766,6686.784505844116
如何提高编程效率？," 提高编程效率是每个程序员都关心的话题。以下是一些可以提高编程效率的方法：

1. 学习和熟悉常用工具：熟练使用常用的开发工具和框架可以大大提高开发效率。例如，熟练使用版本控制工具（如Git）、调试器、自动化测试工具等。

2. 了解和使用编程语言：熟练掌握编程语言的基本语法和常用库，可以减少开发时间。同时，熟悉常用的设计模式和架构可以帮助快速解决问题。

3. ",100,72.37958908081055,66.81288372386585,6686.85507774353
什么是大语言模型？," 大语言模型是一种强大的人工智能模型，能够理解、生成和翻译多种人类语言。它通过深度学习技术训练，能够理解大量的文本数据，并生成与之相关、流畅、连贯的文本。这些模型通常包含大量的参数，因此被称为“大”语言模型。

大语言模型的训练数据通常来源于互联网上的大量文本数据，包括书籍、新闻文章、网站等。通过这些数据，模型能够学习到语言的结构、语法、词汇、语义",100,72.57413864135742,66.80972166735717,6686.736583709717
介绍一下人工智能的应用场景。," 人工智能已经渗透到各个领域，其应用场景非常广泛，以下是其中一些常见的应用场景：
1. 语音识别：通过将语音转换为文本，使机器能够理解人类的语言，应用于智能音箱、客服机器人等场景。
2. 图像识别：通过识别图像中的内容，应用于人脸识别、自动驾驶、医疗影像分析等场景。
3. 自然语言处理：通过理解自然语言，应用于机器翻译、智能客服、情感分析等场景。
4. 推荐",100,72.59917259216309,66.80766500607885,6686.55800819397
什么是自然语言处理？,"自然语言处理是计算机科学领域与人工智能领域中的一个重要方向。它研究计算机如何理解、解释和生成人类的自然语言。自然语言处理任务包括语音识别、机器翻译、文本生成、情感分析、信息抽取等。自然语言处理的目标是使计算机能够理解、生成、处理人类的自然语言，以便更好地与人类进行交流和交互。

自然语言处理技术广泛应用于各种场景，例如智能客服、智能翻译、智能写作、语音助手等。通过",100,72.88885116577148,66.81201193067763,6687.278032302856
解释一下什么是机器学习。," 机器学习是一种人工智能技术，通过算法和统计模型让计算机系统能够在没有明确编程的情况下，从数据中学习并做出决策或预测。它的基本思想是，机器可以从数据中自动学习模式、规律和关系，并利用这些知识进行推理、分类、预测等任务，而无需人类明确编程或指示具体步骤。

在机器学习中，通常会使用大量的数据来训练模型，这些数据可以包括历史记录、用户行为、传感器数据等。然后，",100,73.26650619506836,66.80346257758863,6686.809301376343
常见的排序算法有哪些？,"各自的特点是什么？

常见的排序算法有：冒泡排序、选择排序、插入排序、快速排序、归并排序、堆排序等。下面是它们各自的特点：

1. 冒泡排序：相邻元素进行比较，如果前一个元素比后一个元素大，则交换它们的位置。重复进行这个过程直到排序完成。该算法简单易懂，但效率较低，时间复杂度为O(n^2)。

2. 选择排序：在未排序序列中",100,72.84784317016602,66.80887154858522,6686.9261264801025
请描述大语言模型的训练过程，从数据预处理、模型架构设计、分布式训练策略、到微调对齐的完整流程，每个步骤说明关键技术和挑战，不少于400字。," 大语言模型的训练过程是一项复杂而精细的工作，涉及到数据预处理、模型架构设计、分布式训练策略、微调对齐等关键步骤。下面分别介绍这些步骤中的关键技术和挑战。

1. 数据预处理：在训练之前，需要对数据进行预处理，以提高模型的性能。主要包括分词、清洗、标记化、编码等。例如，使用BERT模型时，会将文本转换为单词序列，然后使用特殊的标记（如",100,72.32904434204102,66.81908019865402,6687.417984008789
详细解释vLLM的PagedAttention技术的工作原理，包括它是如何解决传统Transformer推理中KV缓存内存浪费问题的，以及它的实现机制和性能优势，要求不少于300字。, vLLM的PagedAttention技术是一种针对Transformer模型的优化方法，旨在解决传统Transformer推理中KV缓存（即键值对缓存）内存浪费的问题。传统Transformer模型在处理序列时，会将所有时间步的键值对存储在缓存中，这导致了大量不必要的内存占用，尤其是在处理长序列时。PagedAttention通过将缓存划分为多个页（page），并在需要时动态加载和卸载这些页，从而,100,72.06273078918457,66.82100199689769,6687.341928482056
介绍一下人工智能的应用场景。," 人工智能的应用场景非常广泛，几乎涵盖了所有领域。以下是一些常见的应用场景：

1. 语音识别：通过识别和转换语音信号为文本，实现语音输入、语音搜索等功能。

2. 图像识别：通过分析和识别图像中的内容，实现图像搜索、物体识别、人脸识别等功能。

3. 自然语言处理：通过处理和理解自然语言文本，实现智能问答、情感分析、机器翻译等功能。

4. 推荐系统：通过分析",100,72.56698608398438,66.81245986861411,6687.000513076782
介绍一下人工智能的应用场景。," 人工智能的应用场景非常广泛，涵盖了各个行业和领域。以下是一些典型的应用场景：

1. 语音识别和语音助手：语音识别技术可以让计算机理解人类语言，而语音助手则可以实现语音交互，提供服务，如语音搜索、提醒、控制智能家居设备等。

2. 自动驾驶：人工智能技术可以应用于自动驾驶汽车中，通过传感器和摄像头获取路况信息，利用算法进行决策和控制，实现自动驾驶。

3. 图像识别：",100,72.27849960327148,66.81436480897845,6686.900615692139
请描述大语言模型的训练过程，从数据预处理、模型架构设计、分布式训练策略、到微调对齐的完整流程，每个步骤说明关键技术和挑战，不少于400字。," 大语言模型的训练是一个复杂且技术密集的过程，通常包括数据预处理、模型架构设计、分布式训练策略以及微调对齐等几个关键步骤。每个步骤都有其独特的技术和挑战。

1. 数据预处理
数据预处理是整个训练过程的基础。数据集通常包括大量的文本，这些文本可以来自网络、书籍、文章等。预处理包括清理数据（去除HTML标签、特殊字符等），分词，去除停用词，词",100,72.79300689697266,66.81561470031738,6687.538862228394
介绍一下人工智能的应用场景。," 人工智能（AI）的应用场景非常广泛，涵盖了各行各业。以下是一些典型的人工智能应用场景：

1. 语音识别和语音助手：如苹果的Siri、亚马逊的Alexa等，可以实现语音命令控制、语音搜索等功能。
2. 图像识别和智能推荐：如淘宝的个性化推荐、抖音的短视频推荐等，可以根据用户的喜好和行为进行个性化推荐。
3. 自动驾驶：如特斯拉的Autopilot、百度的Apollo等",100,72.48926162719727,66.81205046297323,6686.882257461548
什么是大语言模型？,大语言模型是一种人工智能模型，其能够根据给定的输入生成自然语言的输出。它们通常被训练来回答问题、提供信息、进行对话等。大语言模型通常使用大量的文本数据进行训练，以便能够理解和生成人类语言的复杂性和多样性。它们通常基于Transformer架构，这是一种能够高效地处理序列数据的神经网络架构。大语言模型通常需要大量的计算资源来进行训练，并且生成的输出通常需要进行后处理和质量控制。大,100,72.44491577148438,66.81171812192358,6686.805009841919
什么是深度学习？,"深度学习和机器学习有什么区别？
深度学习是一种机器学习的方法，它通过模拟人脑神经网络的结构和功能来实现对数据的自动学习和分析。它通常使用多层神经网络来提取数据中的特征，然后通过反向传播算法来优化模型的参数，从而实现对数据的分类、回归等任务。

深度学习和机器学习的主要区别在于，深度学习使用多层神经网络来自动提取特征，而传统的机器学习方法需要手动",100,72.27230072021484,66.80659814314409,6686.1255168914795
如何提高编程效率？," 提高编程效率的方法有很多，以下是一些常见的技巧：

1. 使用合适的开发工具：使用适合你编程语言的开发工具，可以帮助你更快速地编写代码，节省时间。例如，使用自动补全功能可以减少输入代码的时间，使用调试工具可以更快地找到和修复错误。

2. 编写可读性强的代码：编写清晰、简洁、易于理解的代码可以让你更快速地理解和修改代码。使用有意义的变量名和函数",100,72.85046577453613,66.80658369353323,6686.702251434326
什么是云计算？,"它如何影响企业？
云计算是一种通过互联网提供计算资源（如服务器、存储、数据库、网络、软件和分析）的服务模式。在云计算中，企业可以通过互联网按需访问这些资源，并根据实际使用量支付费用。这与传统的IT基础设施模式（如本地数据中心）形成了对比，在这种模式下，企业需要自行购买、维护和管理其硬件和软件资源。

云计算对企业的影响主要体现在以下几个方面：

1. 成本效益：企业无需投资购买和",100,71.9912052154541,66.81227924847843,6686.406850814819
分析当前大语言模型推理部署面临的主要挑战，包括低延迟需求、高吞吐需求、显存限制、成本控制等方面，以及对应的解决方案，分点说明不少于5点。," 当前大语言模型推理部署面临的主要挑战及解决方案如下：

1. 低延迟需求
   - 低延迟需求主要体现在在线服务场景，需要尽可能快地响应用户输入。为应对这一挑战，可以采用模型剪枝、量化等技术，通过减少计算量和模型参数量来降低推理时间。此外，还可以利用硬件加速技术，如GPU、TPU等，以提高计算速度。

2. 高吞吐需求
   - 在",100,71.84672355651855,66.8185551961263,6686.8836879730225
什么是自然语言处理？,"自然语言处理的主要任务是什么？
自然语言处理（NLP）是计算机科学领域与人工智能领域中的一个重要方向。它使计算机能够理解、解释和生成人类的自然语言。自然语言处理的主要任务包括：文本分类、情感分析、实体识别、机器翻译、信息抽取、问答系统、机器写作等。其中，文本分类是指将文本分为不同的类别，情感分析是指识别文本中的情感倾向，实体识别是指从文本中识别出实体名称，机器",100,72.65281677246094,66.81105343982426,6686.9471073150635
什么是深度学习？,"深度学习是什么样的？ 深度学习是一种机器学习方法，它试图模拟人脑神经元之间的连接方式，通过模拟人工神经网络来实现学习和识别模式的能力。深度学习通过多层的神经网络来识别和提取数据中的特征，以实现分类、回归、聚类等任务。

深度学习的关键在于神经网络的结构。神经网络由多个层组成，每一层由多个神经元（或称为节点）组成。输入数据经过每一层",100,72.16358184814453,66.8096686854507,6686.320781707764
常见的排序算法有哪些？,常用的排序算法有冒泡排序、选择排序、插入排序、希尔排序、归并排序、快速排序、堆排序、计数排序等。冒泡排序：冒泡排序是一种简单的排序算法，其基本思想是重复遍历要排序的数列，一次比较两个元素，如果他们的顺序错误就把他们交换过来。选择排序：选择排序也是一种简单直观的排序算法，其基本思想是每次从未排序的元素中选择最小（或最大）的一个,100,72.30043411254883,66.81312455071344,6686.799764633179
请详细分析大语言模型推理过程中的性能瓶颈，包括显存带宽、计算能力、内存访问等各个方面的影响因素，并给出具体的优化建议。要求分点说明，每个点不少于100字。," 大语言模型推理过程中的性能瓶颈主要由以下几个方面影响：

1. **显存带宽**：大模型通常需要大量的显存进行参数存储和数据传输。显存带宽不足可能导致数据传输延迟，降低整体计算效率。特别是在分布式训练和推理中，数据需要在多个节点间频繁传输，显存带宽不足会导致数据传输瓶颈。优化建议：采用更高带宽的显卡，选择支持多GPU间高速数据传输的硬件",100,72.79109954833984,66.81574474681507,6687.549829483032
什么是大语言模型？,大语言模型是指能够理解和生成自然语言的AI模型，通常基于深度学习技术，通过大量的语料库进行训练，以学习和掌握语言的规则和模式。这些模型能够回答问题、生成文本、翻译语言、进行对话等多种任务。大语言模型的“大”通常指的是模型的规模，即参数量和训练数据量，这决定了模型的能力和泛化能力。大语言模型的训练通常需要大量的计算资源和时间，因此，它们,100,72.39031791687012,66.8115375017879,6686.732530593872
请描述大语言模型的训练过程，从数据预处理、模型架构设计、分布式训练策略、到微调对齐的完整流程，每个步骤说明关键技术和挑战，不少于400字。," 大语言模型的训练过程是一个复杂且技术密集的过程，涵盖了从数据预处理到模型微调的多个关键步骤。以下是该过程的详细描述：

1. 数据预处理：数据是训练大语言模型的基础。数据预处理包括收集、清洗、标注、分词、去重、构建语料库等。关键技术和挑战在于如何获取高质量的语料库，如何进行文本清洗，如何构建合适的分词系统，以及如何处理多语言",100,72.71766662597656,66.81670805420538,6687.57176399231
什么是深度学习？,"它是如何工作的？ 深度学习是机器学习的一个分支，它模仿人脑神经网络的结构和功能，通过多层神经网络来学习和发现数据中的复杂模式。在深度学习中，神经网络由大量的节点（或神经元）组成，这些节点通过权重（表示神经元之间的连接强度）相互连接。每一层接收前一层的输出作为输入，并对输入进行处理，最终输出结果。

深度学习模型通常由输入层、隐藏",100,72.3121166229248,66.81554245226312,6687.050819396973
什么是深度学习？,深度学习是机器学习的一种，它通过构建多层的人工神经网络来模拟人脑处理信息的方式。这些网络由大量的节点（或神经元）组成，每个节点都与其他节点相连，形成复杂的结构。深度学习能够自动从大量数据中学习特征表示，而不需要人工干预来提取特征。深度学习已经在许多领域取得了显著的成果，如计算机视觉、自然语言处理、语音识别和推荐系统等。它通过大量的数据训练和优化神经,100,72.76797294616699,66.80206578187268,6686.1724853515625
什么是自然语言处理？,"它有哪些应用？
自然语言处理（Natural Language Processing，NLP）是人工智能的一个分支，它研究计算机如何理解、解释和生成人类自然语言。NLP涉及文本分析、情感分析、机器翻译、语音识别、自动摘要、问答系统等多个领域。其目标是使计算机能够理解和生成自然语言，以实现人机交互。

自然语言处理的应用非常广泛，下面列举一些常见的应用：

1. 机器翻译：将一种语言的文本翻译成另一种",100,71.84624671936035,66.82190991411305,6687.215328216553
Python和Java的区别是什么？," Python和Java都是广泛使用的编程语言，它们在语法、设计理念和应用领域上都有显著的区别。下面是一些主要的区别：

1. 语法：
- Python语法相对简洁，容易上手。它使用缩进来表示代码块，而Java则使用大括号。
- Java语法相对复杂，需要更严格的类型声明。

2. 设计理念：
- Python是一种动态类型语言，强调代码的可读性和简洁性。它鼓励使用简洁的语法和",100,72.49212265014648,66.81172053019206,6686.85245513916
什么是云计算？,"为什么它如此受欢迎？
云计算是指通过互联网提供计算资源（如服务器、存储、数据库、网络等）和服务的技术。用户可以通过云计算提供商的基础设施来运行和管理应用程序，而无需拥有或维护物理硬件。云计算通常采用按需付费的模式，用户只需为实际使用的资源付费，因此成本较低。

云计算之所以受欢迎，主要有以下几个原因：

1. 灵活性：用户可以根据需要动态地调整资源，以满足业务需求。这使得企业可以快速",100,71.90799713134766,66.81189151725384,6686.2852573394775
什么是大语言模型？,大语言模型是指能够理解和生成自然语言文本的机器学习模型，它通常基于深度学习技术。这些模型可以被训练来执行多种任务，例如文本生成、情感分析、机器翻译、问答系统等。大语言模型通常包含大量的参数和数据，能够学习到语言的复杂结构和模式，从而在各种自然语言处理任务中表现出色。大语言模型通常通过大规模的文本数据进行训练，以便捕捉语言中的各种模式和规律。这些模型,100,72.42417335510254,66.81044896443684,6686.658620834351
介绍一下人工智能的应用场景。," 人工智能的应用场景非常广泛，几乎涵盖了所有的行业和领域，以下是一些典型的应用场景：

1. 语音识别：将人的语音转换成文字，用于语音助手、智能客服等场景。

2. 自然语言处理：将自然语言转化为计算机可以理解的形式，用于机器翻译、情感分析、问答系统等场景。

3. 机器学习：利用算法让计算机自动学习和改进，用于推荐系统、分类、预测等场景。

4.",100,72.49903678894043,66.8084163858433,6686.532258987427
如何提高编程效率？," 提高编程效率的方法有多种，以下是一些建议：

1. 保持代码整洁：遵循良好的编程习惯和规范，保持代码的可读性和可维护性。使用有意义的变量名、函数和类名，以及适当的注释和文档。这将使其他开发人员更容易理解你的代码。

2. 使用版本控制系统：使用版本控制系统（如Git）可以帮助你跟踪代码的更改、协作和回滚。这将使你能够轻松地管理和",100,72.52740859985352,66.8114387627804,6686.859846115112
解释一下神经网络的工作原理。," 神经网络是一种模拟人脑神经元工作方式的机器学习模型，它通过多层神经元之间的连接和激活来学习和处理数据。神经网络通常由输入层、隐藏层和输出层组成，其中输入层接收输入数据，输出层产生最终结果，而隐藏层则负责处理和转换输入数据，以便为输出层提供有用的信息。

神经网络的工作原理基于权重和激活函数。权重是连接两个神经元之间的数值，表示",100,72.40152359008789,66.81210103661122,6686.7995262146
Python和Java的区别是什么？," Python和Java都是编程语言，它们具有不同的特点和用途。以下是Python和Java之间的一些主要区别：

1. 语法：Python的语法相对简单，易于学习，代码可读性强，而Java的语法相对复杂，需要更多的细节和严格的语法规则。

2. 性能：一般来说，Java的执行速度比Python快，因为它是一种编译型语言，而Python是一种解释型语言。然而，这并不意味着Java总是比Python更快，因为",100,72.33285903930664,66.81217569293398,6686.7382526397705
对比分析Transformer、RNN、CNN三种深度学习架构在自然语言处理任务中的优缺点，分别从并行性、长程依赖处理、计算复杂度、训练难度等多个维度进行对比，每个维度不少于80字说明。," 一、并行性
Transformer：采用自注意力机制，可以并行计算每个位置的输出，大大提高了计算效率。而RNN和CNN在处理序列数据时，需要顺序计算，不具备并行性。
RNN：只能顺序计算，无法充分利用现代计算资源的并行性。但是，当序列长度较长时，RNN的性能仍然优于其他两种模型，因为RNN可以更好地捕捉序列中的长期依赖。
CNN：虽然卷积层",100,72.58224487304688,66.81529199234163,6687.296152114868
什么是云计算？,"云计算有哪些优点？
云计算是一种基于互联网的计算方式，它通过远程服务器提供各种计算资源和服务，包括计算能力、存储空间、应用程序等。用户可以通过网络访问这些资源和服务，而不需要在本地设备上安装和维护它们。云计算的核心理念是按需使用和按使用付费。

云计算的优点包括：

1. 低成本：用户只需按需支付使用费用，无需承担硬件购置、维护和升级等成本。

2. 高灵活性：用户可以根据需要",100,72.28803634643555,66.80815629284791,6686.295509338379
请详细分析大语言模型推理过程中的性能瓶颈，包括显存带宽、计算能力、内存访问等各个方面的影响因素，并给出具体的优化建议。要求分点说明，每个点不少于100字。," 一、显存带宽
显存带宽是大语言模型推理过程中性能瓶颈的重要因素。在推理过程中，模型需要频繁地从显存中读取数据进行计算，因此显存带宽的大小直接影响了模型的推理速度。对于大型模型，其参数量巨大，每次计算需要从显存中读取大量的参数，导致显存带宽成为限制模型推理速度的关键因素。此外，显存带宽还受到显卡设计",100,73.20332527160645,66.80765778127343,6687.161445617676
分析当前大语言模型推理部署面临的主要挑战，包括低延迟需求、高吞吐需求、显存限制、成本控制等方面，以及对应的解决方案，分点说明不少于5点。," 当前大语言模型推理部署面临的主要挑战，主要体现在以下几个方面：

1. **低延迟需求**：对于需要即时响应的应用场景，如语音助手、智能客服等，低延迟成为关键因素。然而，大语言模型的推理过程通常较为复杂，需要大量计算资源，这导致了延迟增加。为解决这一问题，可以采用以下方法：
   - **模型压缩技术**：通过剪枝、量化等方式减小模型大小，从而降低计算",100,72.77250289916992,66.81134002377289,6687.095165252686
解释一下神经网络的工作原理。," 神经网络是一种模拟人脑神经元之间相互连接的计算模型，它通过一层或多层的节点（神经元）来进行数据处理和学习。神经网络通过学习输入数据与输出目标之间的关系，从而可以进行分类、回归、聚类等多种任务。

神经网络的工作原理可以分为以下步骤：

1. 输入：输入数据被送到神经网络的第一层，称为输入层。输入层通常包含多个节点，每个节点代表输入数据的一个特征。

",100,72.41439819335938,66.81116662844263,6686.71989440918
详细解释vLLM的PagedAttention技术的工作原理，包括它是如何解决传统Transformer推理中KV缓存内存浪费问题的，以及它的实现机制和性能优势，要求不少于300字。, vLLM的PagedAttention技术是其优化Transformer推理效率的关键技术之一。它通过将注意力机制的计算过程划分为多个阶段，使得模型能够更高效地处理长序列，同时减少了对内存的依赖。在传统的Transformer中，KV缓存（即查询-键值对）在推理过程中会被频繁访问，导致内存浪费。PagedAttention技术通过将注意力机制的计算过程划分为多个阶段，从而减少了对KV缓存的依赖，,100,73.05788993835449,66.8142516203601,6687.668800354004
分析当前大语言模型推理部署面临的主要挑战，包括低延迟需求、高吞吐需求、显存限制、成本控制等方面，以及对应的解决方案，分点说明不少于5点。," 当前大语言模型推理部署面临的主要挑战包括低延迟需求、高吞吐需求、显存限制、成本控制等，以下针对这些挑战提出了相应的解决方案。

1. 低延迟需求：
   - 解决方案：在模型推理过程中，尽可能减少数据传输和计算步骤，通过模型优化技术（例如剪枝、量化、知识蒸馏等）来减小模型大小，提高计算效率。使用混合精度计算，比如使用FP16代替FP",100,72.79205322265625,66.8100467836014,6686.986684799194
什么是云计算？,"它有哪些优势？
云计算是指通过互联网将计算资源（包括服务器、存储、数据库、网络等）以按需分配的方式提供给用户的一种服务模式。用户可以通过云计算平台获得所需的计算资源，并根据实际需求进行弹性伸缩，而无需自行购买、部署和维护硬件设备。

云计算的优势主要有以下几点：

1. 低成本：用户只需要支付使用云计算资源的费用，而无需承担硬件设备的采购、维护和更新等成本。
2. 高",100,72.04031944274902,66.80953382241606,6686.1841678619385
分析当前大语言模型推理部署面临的主要挑战，包括低延迟需求、高吞吐需求、显存限制、成本控制等方面，以及对应的解决方案，分点说明不少于5点。," 当前大语言模型推理部署面临的主要挑战，包括低延迟需求、高吞吐需求、显存限制、成本控制等方面。针对这些挑战，提出以下解决方案：

1. **优化模型结构和参数量**：在保持模型性能的同时，通过剪枝、量化、知识蒸馏等方法来降低模型的复杂度和参数量，以减少推理过程中的计算量和内存消耗。此外，针对不同应用需求，可以选择合适的模型架构进行定制化",100,72.80945777893066,66.81028761044897,6687.027931213379
什么是大语言模型？,"大语言模型是指能够理解和生成自然语言文本的机器学习模型，通常基于深度学习技术。这些模型通过对大量文本数据进行训练，学习到语言的语法、语义和上下文关系，从而能够回答问题、生成文章、进行对话等任务。大语言模型的规模通常很大，包含数以亿计的参数，能够处理复杂的语言任务和大规模的数据集。

大语言模型的优点包括：

1. 灵活性：能够处理各种类型的自然",100,72.36146926879883,66.8097481583104,6686.526536941528
什么是云计算？,"云计算有哪些优点和缺点？ 云计算是一种通过互联网提供计算资源（如服务器、存储、数据库、网络等）和服务的技术。用户可以根据需要按需购买和使用这些资源，而无需自己购买和维护硬件。云计算具有高度的灵活性和可扩展性，能够根据业务需求动态调整资源分配，从而实现高效、灵活和低成本的IT基础设施。

云计算的优点包括：

1. 灵活性和可扩展性：用户可以根据需求动态调整资源分配，",100,72.13807106018066,66.81335333621863,6686.660051345825
对比分析Transformer、RNN、CNN三种深度学习架构在自然语言处理任务中的优缺点，分别从并行性、长程依赖处理、计算复杂度、训练难度等多个维度进行对比，每个维度不少于80字说明。," 一、并行性

Transformer、RNN、CNN三种模型在处理自然语言任务时，其并行性是衡量其效率的重要指标。其中，Transformer架构具有天然的并行性，可以同时处理序列中的多个元素，显著提高处理速度。RNN模型由于其循环结构，只能顺序处理序列，不具备并行性，因此效率相对较低。CNN模型虽然在图像领域具有很好的并行性，但在处理自然语言任务时，由于",100,72.66855239868164,66.80937006015971,6686.796188354492
