experiment_id,target_input_tokens,actual_input_tokens,repeat_id,prompt_source,start_time,end_time,duration_ms,ttft_ms,measurement_mode,block_request_count,block_success_count,block_error_count,block_warmup_requests,block_min_requests_used,block_max_requests_used,avg_power_w,median_power_w,p95_power_w,peak_power_w,min_power_w,active_avg_power_w,active_median_power_w,active_p95_power_w,active_sample_count,active_sample_fraction,active_power_threshold_w,energy_j,energy_per_request_j,idle_baseline_w,dynamic_power_w,dynamic_energy_j,dynamic_energy_per_request_j,power_sample_count,status,error,first_ttft_ms,min_ttft_ms,max_ttft_ms,prompt_generation_ms,add_unique_prefix
prefill_token_power_modeling_1777904889,384,384,5,generated,1777904893.6949382,1777904896.8423965,3147.45831489563,104.86616293589276,block,30,30,0,2,30,100,197.2885836456552,255.306,257.074,257.556,45.913,229.3681507936508,256.273,257.074,126,0.7974683544303798,95.35854545454544,620.9575930294993,20.698586434316645,65.35854545454545,131.9300381911097,415.2442956891063,13.841476522970208,156,ok,,104.87771034240724,104.13002967834473,107.1019172668457,132.42626190185547,False
prefill_token_power_modeling_1777904889,8,8,2,generated,1777904899.215409,1777904902.274058,3058.6488246917725,71.10276333121367,block,43,43,0,2,30,100,157.37548819256017,197.303,201.712,201.712,65.067,180.64307438016527,201.404,201.712,121,0.7908496732026143,95.35854545454544,481.35635199546806,11.194333767336468,65.35854545454545,92.01694273801472,281.4475137573588,6.545291017612996,151,ok,,72.56913185119629,70.76430320739746,72.56913185119629,19.30880546569824,False
prefill_token_power_modeling_1777904889,48,48,3,generated,1777904904.6775734,1777904907.712937,3035.3636741638184,70.56020581445028,block,43,43,0,2,30,100,162.85300756081224,210.899,211.501,211.501,53.403,189.891974789916,211.211,211.501,119,0.7777777777777778,95.35854545454544,494.3181033784151,11.495769846009654,65.35854545454545,97.4944621062668,295.9311487095031,6.882119737430304,151,ok,,70.78742980957031,70.32537460327148,70.86825370788574,51.53155326843262,False
prefill_token_power_modeling_1777904889,416,416,2,generated,1777904910.3064497,1777904913.837525,3531.0750007629395,117.66070524851482,block,30,30,0,2,30,100,216.0261802139807,257.545,259.462,259.462,53.948,242.28352,258.959,259.462,150,0.847457627118644,95.35854545454544,762.8046444638968,25.42682148212989,65.35854545454545,150.66763475943526,532.0187185231231,17.733957284104104,175,ok,,117.18153953552246,116.84918403625488,118.90006065368652,142.1220302581787,False
prefill_token_power_modeling_1777904889,1792,1785,1,generated,1777904916.837666,1777904920.0750265,3237.3602390289307,294.2275350744074,block,11,11,0,2,10,30,245.0516078625824,283.406,287.153,287.153,92.10232807760848,244.99167080745343,283.406,287.153,161,0.9938271604938272,95.35854545454544,793.3203318044334,72.1200301640394,65.35854545454545,179.6930624080369,581.731175469123,52.884652315374815,160,ok,,292.4137115478516,292.4137115478516,294.708251953125,198.8391876220703,False
prefill_token_power_modeling_1777904889,512,512,3,generated,1777904922.7234654,1777904926.3704796,3647.014141082764,121.51708602905272,block,30,30,0,2,30,100,222.15700399161625,265.445,266.547,266.698,55.515,251.21490728476823,265.661,266.547,151,0.8296703296703297,95.35854545454544,810.2097350980043,27.00699116993348,65.35854545454545,156.79845853707076,571.8461955846765,19.06153985282255,180,ok,,120.38683891296388,120.38683891296388,122.25174903869627,190.5968189239502,False
prefill_token_power_modeling_1777904889,20000,20000,2,generated,1777904942.3894346,1777904953.4100456,11020.611047744753,3673.240025838216,block,3,3,0,2,3,5,290.8373612949725,295.015,298.989,299.51,273.771,290.8319250457038,295.015,298.989,547,1.0,95.35854545454544,3205.2054369843054,1068.401812328102,65.35854545454545,225.47881584042705,2484.9143288834143,828.3047762944715,545,ok,,3673.1185913085938,3670.397520065308,3676.203966140747,6449.994802474976,False
prefill_token_power_modeling_1777904889,512,512,4,generated,1777904956.0456915,1777904959.6982718,3652.5802612304688,121.69678211212158,block,30,30,0,2,30,100,236.4752136129678,271.362,271.92,271.92,60.429,251.61732934131737,271.362,271.92,167,0.9175824175824177,95.35854545454544,863.7446975129848,28.791489917099494,65.35854545454545,171.11666815842233,625.0173644829777,20.83391214943259,180,ok,,121.08278274536131,121.08278274536131,123.36492538452148,172.59979248046875,False
prefill_token_power_modeling_1777904889,15000,15000,1,generated,1777904971.412392,1777904979.121719,7709.326982498169,2569.5485273996987,block,3,3,0,2,3,5,297.2854636083963,299.508,302.726,303.218,290.033,297.3004360313316,299.508,302.726,383,1.0,95.35854545454544,2291.8708461006872,763.9569487002291,65.35854545454545,231.9269181538509,1788.000448091127,596.000149363709,381,ok,,2568.8633918762207,2568.8633918762207,2570.8696842193604,4368.041753768921,False
prefill_token_power_modeling_1777904889,2304,2304,3,generated,1777904984.5768116,1777904988.3509216,3774.1100788116455,377.3415327072144,block,10,10,0,2,10,30,254.29928284469173,279.291,283.937,283.937,114.224,253.5470740740741,279.291,283.937,189,1.0,95.35854545454544,959.7534864187244,95.97534864187244,65.35854545454545,188.9407373901463,713.0831412822554,71.30831412822553,187,ok,,374.6330738067627,374.6330738067627,379.3766498565674,2491.1434650421143,False
prefill_token_power_modeling_1777904889,160,160,4,generated,1777904990.8212895,1777904993.8344762,3013.1866931915283,83.66217215855916,block,36,36,0,2,30,100,202.3250834702923,239.64,245.623,245.623,59.368,229.76738709677417,245.182,245.623,124,0.8211920529801324,95.35854545454544,609.64324921155,16.934534700320835,65.35854545454545,136.96653801574683,412.70574976156,11.46404860448778,149,ok,,83.41097831726074,83.28390121459961,84.11884307861328,86.28034591674805,False
prefill_token_power_modeling_1777904889,2,2,1,generated,1777904996.2002444,1777904999.2071414,3006.89697265625,69.89669799804688,block,43,43,0,2,30,100,165.43190376416138,210.32,210.915,210.915,57.968,190.387186440678,210.594,210.915,118,0.7814569536423841,95.35854545454544,497.4366906092169,11.568295130446904,65.35854545454545,100.07335830961593,300.9102781447283,6.99791344522624,149,ok,,70.81151008605957,69.66376304626465,70.81151008605957,12.154579162597656,False
prefill_token_power_modeling_1777904889,1,1,1,generated,1777905001.5712888,1777905004.581301,3010.012149810791,69.96897209522336,block,43,43,0,2,30,100,168.72228703873125,210.149,211.292,211.292,59.027,200.19253571428573,210.886,211.292,112,0.7417218543046358,95.35854545454544,507.8561339304448,11.810607765824296,65.35854545454545,103.3637415841858,311.1261180183021,7.235491116704701,149,ok,,71.93183898925781,69.77963447570801,71.93183898925781,11.06572151184082,False
prefill_token_power_modeling_1777904889,40,40,2,generated,1777905006.9786196,1777905010.015843,3037.2231006622314,70.60135242550872,block,43,43,0,2,30,100,168.7855771819723,214.757,215.098,215.098,58.388,204.07244036697247,214.945,215.098,109,0.7171052631578947,95.35854545454544,512.6394540756943,11.921847769202191,65.35854545454545,103.42703172742684,314.1309699954664,7.305371395243403,150,ok,,71.92468643188477,70.3432559967041,71.92468643188477,42.53864288330078,False
prefill_token_power_modeling_1777904889,1536,1536,2,generated,1777905012.968594,1777905016.2284086,3259.814500808716,271.5749740600586,block,12,12,0,2,10,30,235.34343407533996,266.183,268.023,268.023,93.467,253.14897222222223,266.183,268.023,144,0.8834355828220859,95.35854545454544,767.1759390689132,63.93132825574276,65.35854545454545,169.9848886207945,554.1192048444203,46.17660040370169,161,ok,,269.3614959716797,269.3614959716797,279.3159484863281,198.30727577209475,False
prefill_token_power_modeling_1777904889,352,352,1,generated,1777905018.788102,1777905021.9253235,3137.221574783325,104.53329881032307,block,30,30,0,2,30,100,214.9237975586203,260.956,261.594,263.023,57.2,244.6058217054264,260.956,261.594,129,0.821656050955414,95.35854545454544,674.2635746352673,22.475452487842244,65.35854545454545,149.56525210407483,469.21933573881074,15.640644524627024,155,ok,,104.91776466369627,103.96480560302734,105.63111305236816,130.2163600921631,False
prefill_token_power_modeling_1777904889,1,1,4,generated,1777905024.2902825,1777905027.3083804,3018.0978775024414,70.15980676163075,block,43,43,0,2,30,100,165.85575695052935,202.294,210.521,210.521,68.865,187.1330081300813,210.316,210.521,123,0.8145695364238411,95.35854545454544,500.56890802395344,11.641137395905892,65.35854545454545,100.4972114959839,303.310420710943,7.053730714207976,149,ok,,73.5173225402832,69.7782039642334,73.5173225402832,11.525154113769531,False
prefill_token_power_modeling_1777904889,8,8,5,generated,1777905029.6872635,1777905032.7574277,3070.164203643799,71.36603843334109,block,43,43,0,2,30,100,161.40470809442917,202.717,207.002,207.002,58.262,185.6529090909091,206.902,207.002,121,0.7857142857142857,95.35854545454544,495.5389570910929,11.524161792816114,65.35854545454545,96.04616263988372,294.8774904343214,6.857616056612125,152,ok,,75.10089874267578,70.84155082702637,75.10089874267578,19.293546676635746,False
prefill_token_power_modeling_1777904889,512,512,1,generated,1777905035.4324076,1777905039.092321,3659.913063049317,121.9497521718343,block,30,30,0,2,30,100,229.19654200738748,267.332,268.512,268.512,67.004,249.37588888888888,267.902,268.512,162,0.8852459016393442,95.35854545454544,838.8394180985688,27.96131393661896,65.35854545454545,163.837996552842,599.6328238075754,19.98776079358585,181,ok,,120.67294120788574,120.67294120788574,122.8487491607666,208.9693546295166,False
prefill_token_power_modeling_1777904889,10000,10000,1,generated,1777905047.654349,1777905052.6311738,4976.824760437012,1658.6990356445312,block,3,3,0,2,3,5,290.382016741914,288.076,300.304,300.304,283.899,290.4107935222672,288.076,300.304,247,1.0,95.35854545454544,1445.1804109067923,481.7268036355975,65.35854545454545,225.02347128736855,1119.9023835824628,373.3007945274876,245,ok,,1650.8769989013672,1650.8769989013672,1663.332223892212,3039.0849113464355,False
prefill_token_power_modeling_1777904889,1,1,3,generated,1777905055.002,1777905058.006312,3004.31227684021,69.8366830515307,block,43,43,0,2,30,100,169.44109754468673,213.36,214.205,214.205,59.771,204.10310185185185,213.552,214.205,108,0.7152317880794702,95.35854545454544,509.0539695547819,11.838464408250742,65.35854545454545,104.08255209014128,312.6964890492721,7.272011373238886,149,ok,,69.89121437072754,69.66233253479004,70.16658782958984,12.381792068481444,False
prefill_token_power_modeling_1777904889,512,512,2,generated,1777905060.6558378,1777905064.3065257,3650.687694549561,121.64528369903564,block,30,30,0,2,30,100,225.0195592883638,270.41,270.769,270.769,59.489,233.6041511627907,270.41,270.769,172,0.945054945054945,95.35854545454544,821.476136126995,27.382537870899835,65.35854545454545,159.66101383381834,582.8724985024278,19.42908328341426,180,ok,,121.43206596374512,121.14691734313963,122.61438369750977,186.4688396453857,False
prefill_token_power_modeling_1777904889,2304,2304,1,generated,1777905069.788323,1777905073.5650074,3776.684522628784,377.5895118713379,block,10,10,0,2,10,30,260.9570885146568,278.751,281.241,281.241,98.723,259.87596296296294,278.751,281.241,189,1.0,95.35854545454544,985.552597263574,98.5552597263574,65.35854545454545,195.59854306011133,738.7139902238624,73.87139902238624,187,ok,,374.7391700744629,374.7391700744629,378.6590099334717,2516.411781311035,False
prefill_token_power_modeling_1777904889,8000,8000,1,generated,1777905080.3841062,1777905084.1699054,3785.799264907837,1261.7528438568115,block,3,3,0,2,3,5,289.83494971585685,288.583,295.615,295.615,286.652,289.85739682539685,288.583,295.615,189,1.0,95.35854545454544,1097.2569395788908,365.7523131929636,65.35854545454545,224.47640426131144,849.8226062416271,283.27420208054235,187,ok,,1257.7974796295166,1257.7974796295166,1263.9575004577637,2095.5796241760254,False
prefill_token_power_modeling_1777904889,32,32,4,generated,1777905086.5733416,1777905089.6170487,3043.707132339477,70.75212722600892,block,43,43,0,2,30,100,171.99336672591676,215.02,215.363,215.363,60.193,203.66377192982452,215.241,215.363,114,0.7450980392156863,95.35854545454544,523.4974370187522,12.174359000436096,65.35854545454545,106.63482127137132,324.5651660594183,7.54802711766089,151,ok,,71.20275497436523,70.50871849060059,72.29804992675781,46.225786209106445,False
prefill_token_power_modeling_1777904889,96,96,5,generated,1777905092.0543566,1777905095.089863,3035.5064868927,74.00388833953113,block,41,41,0,2,30,100,180.6452949372113,229.202,229.559,229.559,59.118,216.43234513274336,229.348,229.559,113,0.738562091503268,95.35854545454544,548.34996460855,13.37438938069634,65.35854545454545,115.28674948266584,349.9536759074058,8.535455509936726,151,ok,,77.08525657653809,73.38809967041016,77.08525657653809,72.63612747192383,False
prefill_token_power_modeling_1777904889,2,2,5,generated,1777905097.4623127,1777905100.5080347,3045.722007751465,70.79907905223757,block,43,43,0,2,30,100,164.7056469387422,207.621,210.298,210.298,57.477,199.9318532110092,208.263,210.298,109,0.7124183006535948,95.35854545454544,501.6476136822698,11.666223574006274,65.35854545454545,99.34710148419676,302.5836533967363,7.036829148761309,151,ok,,73.93407821655273,70.01662254333496,80.81936836242676,13.506650924682615,False
prefill_token_power_modeling_1777904889,40,40,1,generated,1777905102.9088783,1777905105.9677818,3058.903455734253,71.09919814176338,block,43,43,0,2,30,100,170.8505900667274,213.578,213.75075,213.988,57.461,190.0542213740458,213.578,213.988,131,0.8506493506493507,95.35854545454544,522.6154603693486,12.153847915566248,65.35854545454545,105.49204461218194,322.6899798166753,7.504418135271519,152,ok,,75.42014122009277,70.42884826660156,75.42014122009277,40.74358940124512,False
prefill_token_power_modeling_1777904889,448,448,4,generated,1777905108.6000147,1777905112.1925418,3592.527151107788,119.7048266728719,block,30,30,0,2,30,100,215.13792683458632,263.171,264.907,264.907,58.494,249.1858881118881,263.171,264.907,143,0.7944444444444444,95.35854545454544,772.8888433862921,25.762961446209736,65.35854545454545,149.7793813800409,538.086494283925,17.936216476130834,178,ok,,119.90785598754884,118.47281455993652,121.02437019348145,168.12562942504883,False
prefill_token_power_modeling_1777904889,4000,4000,2,generated,1777905116.6754806,1777905119.8483136,3172.83296585083,634.4177722930908,block,5,5,0,2,3,5,278.37583909374075,280.707,286.12,286.12,221.114,277.8450566037736,280.707,286.12,159,1.0,95.35854545454544,883.240039173007,176.6480078346014,65.35854545454545,213.0172936391953,675.8682915547652,135.17365831095304,157,ok,,631.9265365600586,631.497859954834,636.5299224853516,1004.7969818115234,False
prefill_token_power_modeling_1777904889,896,896,2,generated,1777905122.5297055,1777905125.6678889,3138.183355331421,174.29464393191867,block,18,18,0,2,10,30,225.23906244522783,271.15,274.502,274.502,65.993,243.01712765957447,271.15,274.502,141,0.8980891719745223,95.35854545454544,706.8414767360686,39.26897092978159,65.35854545454545,159.8805169906824,501.734377261942,27.874132070107887,155,ok,,175.3561496734619,173.73228073120117,175.82988739013672,106.0035228729248,False
prefill_token_power_modeling_1777904889,40,40,4,generated,1777905128.068275,1777905131.1194923,3051.2173175811768,70.92609516409941,block,43,43,0,2,30,100,170.5143791275767,215.214,215.728,215.728,60.386,203.25246017699115,215.351,215.728,113,0.738562091503268,95.35854545454544,520.2764264906643,12.09945177885266,65.35854545454545,105.15583367303124,320.8533007478387,7.461704668554389,151,ok,,74.4330883026123,70.46151161193848,74.4330883026123,41.23878479003906,False
prefill_token_power_modeling_1777904889,1,1,5,generated,1777905133.4889746,1777905136.502359,3013.3841037750244,70.04448979399925,block,43,43,0,2,30,100,165.68928091448976,210.678,210.921,210.921,58.768,200.3319074074074,210.85,210.921,108,0.7152317880794702,95.35854545454544,499.285445273638,11.611289424968325,65.35854545454545,100.33073545994432,302.3350433550533,7.031047519884961,149,ok,,73.54402542114258,69.73648071289062,73.54402542114258,12.167930603027344,False
prefill_token_power_modeling_1777904889,15000,15000,2,generated,1777905148.485561,1777905156.199222,7713.661432266235,2571.002960205078,block,3,3,0,2,3,5,297.11017060003,299.246,303.041,303.9,289.199,297.12975260416664,299.246,303.041,384,1.0,95.35854545454544,2291.8072640914925,763.9357546971642,65.35854545454545,231.75162514548447,1787.6535727497455,595.8845242499152,382,ok,,2571.541309356689,2570.199012756348,2571.541309356689,4612.707138061523,False
prefill_token_power_modeling_1777904889,2,2,3,generated,1777905158.565935,1777905161.5837524,3017.817497253418,70.15016467072243,block,43,43,0,2,30,100,172.03756126550883,213.637,214.164,214.164,60.926,204.01133035714287,213.729,214.164,112,0.7417218543046358,95.35854545454544,519.1779625718594,12.073906106322312,65.35854545454545,106.67901581096338,321.9378005040993,7.486925593118588,149,ok,,70.56331634521484,69.72599029541016,70.92666625976562,10.120868682861328,False
prefill_token_power_modeling_1777904889,1792,1785,2,generated,1777905164.5892198,1777905167.8339503,3244.7304725646973,294.9095639315519,block,11,11,0,2,10,30,261.27322933404184,290.834,294.631,294.631,86.907,275.5446375838926,290.834,294.631,149,0.9197530864197532,95.35854545454544,847.7612088855501,77.06920080777728,65.35854545454545,195.9146838794964,635.6903448066817,57.790031346061966,160,ok,,293.7023639678955,293.2822704315185,295.63379287719727,198.4701156616211,False
prefill_token_power_modeling_1777904889,768,768,3,generated,1777905170.4627054,1777905173.4725313,3009.8259449005127,158.36095809936523,block,19,19,0,2,10,30,231.98694098351385,276.486,277.184,277.302,70.827,255.5149007633588,276.486,277.302,131,0.8675496688741722,95.35854545454544,698.240313850284,36.74949020264653,65.35854545454545,166.62839552896838,501.5224680202337,26.39591936948598,149,ok,,158.38885307312012,157.6094627380371,159.38305854797363,87.46480941772461,False
prefill_token_power_modeling_1777904889,352,352,5,generated,1777905176.0258806,1777905179.1657696,3139.889001846313,104.61586316426596,block,30,30,0,2,30,100,205.81072350599464,262.018,262.667,262.667,57.233,222.9197021276596,262.018,262.667,141,0.8924050632911392,95.35854545454544,646.2228271985051,21.54076090661684,65.35854545454545,140.4521780514492,441.0042491491055,14.700141638303515,156,ok,,103.69014739990234,103.69014739990234,105.64351081848145,123.96001815795898,False
prefill_token_power_modeling_1777904889,4,4,3,generated,1777905181.544665,1777905184.605604,3060.938596725464,71.15236548490303,block,43,43,0,2,30,100,167.09615778847964,207.851,208.723,208.723,58.348,199.58080530973453,208.251,208.723,113,0.7337662337662337,95.35854545454544,511.47107873928553,11.894676249750828,65.35854545454545,101.7376123339342,311.4125843316317,7.242153123991435,152,ok,,70.93930244445801,70.05929946899414,73.8987922668457,16.79372787475586,False
prefill_token_power_modeling_1777904889,256,256,4,generated,1777905187.1216006,1777905190.148581,3026.980400085449,86.44747734069824,block,35,35,0,2,30,100,199.167911532902,253.698,255.17,255.17,58.103,238.25428695652172,254.567,255.17,115,0.756578947368421,95.35854545454544,602.8773645360471,17.225067558172775,65.35854545454545,133.80936607835656,405.03832846704415,11.572523670486976,150,ok,,89.67041969299316,85.74056625366211,89.67041969299316,115.91672897338869,False
prefill_token_power_modeling_1777904889,24,24,1,generated,1777905192.5484824,1777905195.5825186,3034.036159515381,70.52833534950433,block,43,43,0,2,30,100,167.02550339046988,211.258,211.943,211.943,58.652,200.1836036036036,211.27,211.943,111,0.7302631578947368,95.35854545454544,506.7614168479444,11.785149229021965,65.35854545454545,101.66695793592444,308.46122660552385,7.17351689780288,150,ok,,70.39666175842285,70.03235816955566,71.07901573181152,36.37099266052246,False
prefill_token_power_modeling_1777904889,96,96,2,generated,1777905198.0257094,1777905201.0825844,3056.874990463257,74.52302444271925,block,41,41,0,2,30,100,177.08918746768606,225.707,227.889,227.889,57.53,213.9384107142857,226.84,227.889,112,0.7320261437908496,95.35854545454544,541.3395082514287,13.203402640278748,65.35854545454545,111.7306420131406,341.5466052383728,8.33040500581397,151,ok,,78.10711860656738,73.7454891204834,83.95791053771973,76.12848281860352,False
prefill_token_power_modeling_1777904889,2,2,2,generated,1777905203.4585285,1777905206.471684,3013.155698776245,70.04463395407033,block,43,43,0,2,30,100,163.02780934015274,209.599,209.986,210.203,56.647,199.37828037383176,209.623,210.203,107,0.7086092715231788,95.35854545454544,491.2281727722884,11.423910994704382,65.35854545454545,97.6692638856073,294.2926990721985,6.844016257492989,149,ok,,73.93884658813477,69.67473030090332,73.93884658813477,16.001224517822266,False
prefill_token_power_modeling_1777904889,48,48,4,generated,1777905208.894498,1777905211.9323697,3037.8713607788086,70.61498109684435,block,43,43,0,2,30,100,164.98193267540992,215.594,216.494,216.629,55.88,205.14497142857144,216.002,216.602,105,0.6862745098039216,95.35854545454544,501.1938883205653,11.655671821408497,65.35854545454545,99.62338722086449,302.6430349020417,7.038210114000969,151,ok,,73.36807250976562,70.18446922302246,73.36807250976562,62.87503242492676,False
prefill_token_power_modeling_1777904889,448,448,5,generated,1777905214.5728807,1777905218.1264763,3553.595781326294,118.4083620707194,block,30,30,0,2,30,100,225.08723269227403,266.101,266.606,266.606,56.676,239.53340490797547,266.101,266.606,163,0.9157303370786516,95.35854545454544,799.8690405256749,26.66230135085583,65.35854545454545,159.7286872377286,567.6111891247793,18.920372970825976,176,ok,,118.60275268554688,117.73395538330078,119.34828758239746,176.527738571167,False
prefill_token_power_modeling_1777904889,224,224,4,generated,1777905220.6573846,1777905223.6744826,3017.097949981689,86.16612298148019,block,35,35,0,2,30,100,196.79245759230665,249.857,250.516,250.516,58.334,233.43103418803415,250.382,250.516,117,0.7697368421052632,95.35854545454544,593.7421203736069,16.964060582103055,65.35854545454545,131.43391213776118,396.5489868689127,11.329971053397506,150,ok,,91.73989295959473,85.51359176635742,91.73989295959473,134.58251953125,False
prefill_token_power_modeling_1777904889,48,48,1,generated,1777905226.087578,1777905229.1222217,3034.6434116363525,70.53854853607888,block,43,43,0,2,30,100,173.15692487545584,215.319,215.83,215.83,57.928,204.63926315789476,215.572,215.83,114,0.75,95.35854545454544,525.4695212525129,12.220221424477044,65.35854545454545,107.7983794209104,327.12964189474144,7.607666090575382,150,ok,,73.13179969787598,70.10412216186523,73.13179969787598,52.886247634887695,False
prefill_token_power_modeling_1777904889,40,40,5,generated,1777905231.5273707,1777905234.555621,3028.249979019165,70.39074010627215,block,43,43,0,2,30,100,169.31554725443272,213.448,213.926,213.926,57.791,202.6411441441441,213.736,213.926,111,0.7302631578947368,95.35854545454544,512.7298024208543,11.92394889350824,65.35854545454545,103.95700179988728,314.80778851940386,7.321111360916369,150,ok,,70.84536552429199,70.07122039794922,71.03562355041504,45.255184173583984,False
prefill_token_power_modeling_1777904889,416,416,1,generated,1777905237.168043,1777905240.7082138,3540.170907974243,117.95862515767416,block,30,30,0,2,30,100,218.6670341382761,263.163,263.825,263.825,57.042,250.73902112676055,263.33,263.825,142,0.8022598870056498,95.35854545454544,774.1186727893357,25.803955759644523,65.35854545454545,153.30848868373067,542.7382515836417,18.091275052788056,175,ok,,117.35844612121582,116.8053150177002,119.29702758789062,148.36454391479492,False
prefill_token_power_modeling_1777904889,512,512,5,generated,1777905243.3541532,1777905247.0299177,3675.764560699463,122.47068087259927,block,30,30,0,2,30,100,227.8876783636777,266.471,268.1579,268.19,70.38538961682838,250.7789559748428,266.495,268.19,159,0.8641304347826086,95.35854545454544,837.6614519492842,27.922048398309474,65.35854545454545,162.52913290913227,597.4188268286011,19.913960894286703,182,ok,,123.02470207214355,121.42395973205566,123.21066856384276,175.65083503723145,False
prefill_token_power_modeling_1777904889,128,128,4,generated,1777905249.4982538,1777905252.5500977,3051.843643188477,74.39280137783143,block,41,41,0,2,30,100,179.49774980250558,231.387,231.953,231.953,55.854,195.2545333333333,231.387,231.953,135,0.8823529411764706,95.35854545454544,547.7990667014122,13.360952846375907,65.35854545454545,114.13920434796012,348.3350052279126,8.49597573726616,151,ok,,75.94704627990723,73.52948188781738,75.94704627990723,98.52838516235352,False
prefill_token_power_modeling_1777904889,3000,3000,3,generated,1777905259.1399567,1777905263.9781332,4838.176488876343,483.7279558181762,block,10,10,0,2,10,30,276.8197513974302,282.926,283.943,284.103,157.413,276.4471825726141,282.926,283.943,241,1.0,95.35854545454544,1339.302812867641,133.9302812867641,65.35854545454545,211.4612059428848,1023.0866349023034,102.30866349023034,239,ok,,487.5349998474121,482.8071594238281,487.5349998474121,3415.9250259399414,False
prefill_token_power_modeling_1777904889,896,896,3,generated,1777905266.6588588,1777905269.7758975,3117.03896522522,173.12453852759467,block,18,18,0,2,10,30,233.9563827541384,275.085,276.097,276.097,58.571,245.66933793103448,275.085,276.097,145,0.9294871794871796,95.35854545454544,729.251161207795,40.51395340043305,65.35854545454545,168.59783729959292,525.5260283155332,29.195890461974063,154,ok,,172.61052131652832,172.61052131652832,174.50428009033203,105.53836822509766,False
prefill_token_power_modeling_1777904889,2816,2816,1,generated,1777905276.0144918,1777905280.447604,4433.112144470215,443.2283639907837,block,10,10,0,2,10,30,280.0670016460575,287.589,289.592,289.592,188.387,279.50283333333334,287.589,289.592,222,1.0,95.35854545454544,1241.5684262624973,124.15684262624973,65.35854545454545,214.70845619151208,951.8266646630432,95.18266646630433,220,ok,,441.1857128143311,440.45543670654297,446.58803939819336,3139.3330097198486,False
prefill_token_power_modeling_1777904889,40,40,3,generated,1777905282.8625507,1777905285.9066195,3044.0688133239746,70.76079346412835,block,43,43,0,2,30,100,171.8709545995967,215.475,216.0,216.0,65.611,191.9345234375,215.475,216.0,128,0.8366013071895425,95.35854545454544,523.187012812853,12.167139832857048,65.35854545454545,106.51240914505124,324.23110291045384,7.540258207219857,151,ok,,73.88639450073242,70.28698921203613,73.88639450073242,52.39605903625488,False
prefill_token_power_modeling_1777904889,32,32,1,generated,1777905288.3131309,1777905291.3451183,3031.98766708374,70.48191580661508,block,43,43,0,2,30,100,177.77573258412824,211.038,214.623,214.623,59.247,200.957424,214.213,214.623,125,0.8223684210526315,95.35854545454544,539.0138287018539,12.535205318647764,65.35854545454545,112.4171871295828,340.84752494514,7.926686626631162,150,ok,,70.32418251037598,69.86069679260254,71.54345512390137,44.571638107299805,False
prefill_token_power_modeling_1777904889,16,16,3,generated,1777905293.736971,1777905296.7437415,3006.770610809326,71.56092212313698,block,42,42,0,2,30,100,171.692433584457,206.717,207.301,207.301,57.284,196.86956666666663,206.755,207.301,120,0.7947019867549668,95.35854545454544,516.2397634000774,12.291422938097082,65.35854545454545,106.33388812991156,319.7216097621047,7.612419280050112,149,ok,,71.4406967163086,71.16031646728516,72.31616973876953,28.659582138061523,False
prefill_token_power_modeling_1777904889,224,224,3,generated,1777905299.27533,1777905302.3005576,3025.2275466918945,86.4016056060791,block,35,35,0,2,30,100,202.40024236448045,244.343,250.725,250.725,56.821,232.4467398373984,249.747,250.725,123,0.8092105263157895,95.35854545454544,612.3067886581421,17.494479675946916,65.35854545454545,137.041696909935,414.5823165373369,11.84520904392391,150,ok,,89.42818641662598,85.62707901000977,89.42818641662598,134.22274589538574,False
prefill_token_power_modeling_1777904889,24,24,2,generated,1777905304.6995175,1777905307.7142692,3014.751434326172,70.0783840445585,block,43,43,0,2,30,100,173.18024490109917,211.91,212.598,212.598,58.155,200.36304201680676,212.438,212.598,119,0.7828947368421053,95.35854545454544,522.0953917125464,12.141753295640614,65.35854545454545,107.82169944655372,325.0556230579832,7.559433094371703,150,ok,,71.5188980102539,69.75317001342773,71.5188980102539,36.38672828674317,False
prefill_token_power_modeling_1777904889,64,64,3,generated,1777905310.142252,1777905313.1851127,3042.860746383667,70.72887309761934,block,43,43,0,2,30,100,177.74944800454577,218.943,219.559,219.559,57.058,209.0481206896552,219.14,219.559,116,0.7631578947368421,95.35854545454544,540.8668180243969,12.578298093590629,65.35854545454545,112.39090255000032,341.989865620028,7.95325268883786,150,ok,,70.77765464782715,70.46008110046387,71.63834571838379,66.68353080749512,False
prefill_token_power_modeling_1777904889,48,48,5,generated,1777905315.5997243,1777905318.6344328,3034.7084999084477,70.54069430329079,block,43,43,0,2,30,100,171.46892935536735,215.458,216.181,216.181,56.755,203.30354385964912,216.038,216.181,114,0.75,95.35854545454544,520.3582173849344,12.101353892672892,65.35854545454545,106.1103839008219,322.01408395237274,7.488699626799366,150,ok,,74.05471801757812,70.03927230834961,74.05471801757812,53.39837074279785,False
prefill_token_power_modeling_1777904889,256,256,5,generated,1777905321.1358514,1777905324.1566553,3020.803928375244,86.27358164106097,block,35,35,0,2,30,100,201.5881426584253,251.766,254.839,254.839,57.979,238.69115652173912,253.418,254.839,115,0.7615894039735099,95.35854545454544,608.9582532564403,17.398807235898296,65.35854545454545,136.22959720387985,411.5229023944575,11.757797211270214,149,ok,,86.2431526184082,85.77942848205566,88.1037712097168,104.28476333618164,False
prefill_token_power_modeling_1777904889,352,352,3,generated,1777905326.7305856,1777905329.862507,3131.921529769897,104.36287720998128,block,30,30,0,2,30,100,212.41267214827445,260.594,262.254,262.254,56.623,245.645472,260.842,262.254,125,0.7961783439490446,95.35854545454544,665.2598210971354,22.17532736990451,65.35854545454545,147.05412669372902,460.56198543360006,15.35206618112,155,ok,,104.1269302368164,103.94549369812012,105.33881187438963,138.95082473754883,False
prefill_token_power_modeling_1777904889,480,480,2,generated,1777905332.548983,1777905336.18984,3640.856742858887,121.3256041208903,block,30,30,0,2,30,100,229.79200525451745,265.052,265.41,265.41,55.542,245.80206626506023,265.052,265.41,166,0.912087912087912,95.35854545454544,836.6397717859745,27.88799239286582,65.35854545454545,164.43345979997196,598.6786708643436,19.95595569547812,180,ok,,120.49531936645508,120.49531936645508,121.69456481933594,219.44832801818848,False
prefill_token_power_modeling_1777904889,2816,2816,2,generated,1777905342.486122,1777905346.8833606,4397.238492965698,439.6573305130005,block,10,10,0,2,10,30,280.8202648958664,289.191,292.753,292.753,180.437,280.2549909090909,289.191,292.753,220,1.0,95.35854545454544,1234.8336784049277,123.48336784049276,65.35854545454545,215.4617194413209,947.436566487952,94.7436566487952,218,ok,,441.474199295044,436.2154006958008,444.84877586364746,3199.6841430664062,False
prefill_token_power_modeling_1777904889,224,224,1,generated,1777905349.4167285,1777905352.427877,3011.148452758789,85.99540165492466,block,35,35,0,2,30,100,206.01520081942743,252.275,253.451,253.451,62.276,229.6944496124031,252.275,253.451,129,0.8543046357615894,95.35854545454544,620.3423531922101,17.724067234063146,65.35854545454545,140.656655364882,423.5380701721906,12.101087719205443,149,ok,,91.2477970123291,85.33477783203125,91.2477970123291,134.5999240875244,False
prefill_token_power_modeling_1777904889,48,48,2,generated,1777905354.8456109,1777905357.8699672,3024.3563652038574,70.30337910319484,block,43,43,0,2,30,100,172.20791052635113,213.533,218.156,218.4,65.01,193.37615873015872,217.372,218.156,126,0.8289473684210527,95.35854545454544,520.8180903388264,12.112048612530849,65.35854545454545,106.84936507180568,323.1505573729063,7.515129241230379,150,ok,,72.83520698547363,69.48399543762207,72.83520698547363,52.93107032775879,False
prefill_token_power_modeling_1777904889,480,480,5,generated,1777905360.5560846,1777905364.193051,3636.966466903687,121.18682066599528,block,30,30,0,2,30,100,220.97325100640523,265.882,266.136,266.136,56.033,235.45009580838325,265.882,266.136,167,0.9175824175824177,95.35854545454544,803.6723039929872,26.78907679976624,65.35854545454545,155.6147055518598,565.965465849205,18.865515528306837,180,ok,,120.0246810913086,120.0246810913086,121.75893783569336,216.75658226013184,False
prefill_token_power_modeling_1777904889,384,384,1,generated,1777905366.7625225,1777905369.898803,3136.280536651612,104.50029373168944,block,30,30,0,2,30,100,216.11123878757516,265.674,266.835,267.192,59.34,248.4233937007874,266.161,266.835,127,0.8089171974522293,95.35854545454544,677.7854719611406,22.592849065371357,65.35854545454545,150.7526933330297,472.8027379481901,15.760091264939668,155,ok,,104.92825508117676,104.16460037231444,105.18169403076172,133.66365432739258,False
prefill_token_power_modeling_1777904889,288,288,4,generated,1777905372.4878595,1777905375.4925246,3004.6651363372803,100.11568864186604,block,30,30,0,2,30,100,206.59666515683145,259.576,259.872,259.872,56.353,227.70754545454545,259.576,259.872,132,0.8741721854304636,95.35854545454544,620.7537970802783,20.69179323600928,65.35854545454545,141.238119702286,424.3732541912902,14.145775139709674,149,ok,,101.05466842651369,99.50709342956544,101.05466842651369,159.83963012695312,False
prefill_token_power_modeling_1777904889,1792,1785,3,generated,1777905378.5070364,1777905381.7555792,3248.5427856445312,295.24211450056595,block,11,11,0,2,10,30,253.2659333576556,287.982,289.721,289.721,97.082,252.66703086419756,287.982,289.721,162,1.0,95.35854545454544,822.7452206585407,74.79502005986734,65.35854545454545,187.90738790311013,610.4251893419569,55.49319903108699,160,ok,,293.377161026001,293.377161026001,296.00000381469727,200.84238052368164,False
prefill_token_power_modeling_1777904889,24,24,5,generated,1777905388.634639,1777905391.6667974,3032.158374786377,70.48158312952796,block,43,43,0,2,30,100,164.64470549931858,211.118,211.583,211.583,48.781,192.62888793103448,211.26,211.583,116,0.7631578947368421,95.35854545454544,499.2288226439954,11.6099726196278,65.35854545454545,99.28616004477313,301.0513616801394,7.00119445767766,150,ok,,73.32754135131836,70.11771202087402,73.32754135131836,36.84234619140625,False
prefill_token_power_modeling_1777904889,32,32,3,generated,1777905394.0761,1777905397.1329155,3056.815385818481,71.05430336885674,block,43,43,0,2,30,100,168.3099715712546,211.861,212.139,212.139,57.497,200.55499122807015,212.025,212.139,114,0.7402597402597403,95.35854545454544,514.4925106856823,11.964942108969357,65.35854545454545,102.95142611670916,314.7035033455112,7.318686124314214,152,ok,,71.74849510192871,70.69873809814453,71.74849510192871,42.8013801574707,False
prefill_token_power_modeling_1777904889,4000,4000,1,generated,1777905401.611845,1777905404.784119,3172.273874282837,634.2990398406982,block,5,5,0,2,3,5,276.1212262640109,279.603,284.574,284.574,221.122,275.7622893081761,279.603,284.574,159,1.0,95.35854545454544,875.9321522122617,175.18643044245235,65.35854545454545,210.76268080946545,668.5969460056799,133.71938920113598,157,ok,,631.2477588653564,631.2477588653564,635.7038021087646,999.3979930877686,False
prefill_token_power_modeling_1777904889,96,96,1,generated,1777905407.2329707,1777905410.2676587,3034.6879959106445,73.9790521016935,block,41,41,0,2,30,100,183.54290158169076,223.762,228.724,228.724,59.643,212.1754214876033,228.02,228.724,121,0.7960526315789473,95.35854545454544,556.9954401645657,13.58525463816014,65.35854545454545,118.18435612714528,358.6526468434764,8.747625532767717,150,ok,,76.59435272216797,73.4109878540039,76.59912109375,75.18124580383301,False
prefill_token_power_modeling_1777904889,256,256,3,generated,1777905412.788743,1777905415.8270364,3038.2933616638184,86.7697170802525,block,35,35,0,2,30,100,202.7306771935021,242.849,254.602,254.602,58.963,233.58121138211385,253.694,254.602,123,0.8092105263157895,95.35854545454544,615.9552707226279,17.598722020646512,65.35854545454545,137.37213173895668,417.3768359400796,11.925052455430844,150,ok,,92.4546718597412,85.92391014099121,92.4546718597412,106.2471866607666,False
prefill_token_power_modeling_1777904889,320,320,3,generated,1777905418.4388926,1777905421.4981112,3059.218645095825,101.93517208099364,block,30,30,0,2,30,100,209.40562350859736,255.178,256.31,256.31,60.583,233.42031818181815,255.178,256.31,132,0.8571428571428571,95.35854545454544,640.6175878254177,21.35391959418059,65.35854545454545,144.0470780540519,440.67150695452926,14.689050231817642,152,ok,,104.43115234375,101.45020484924316,104.43115234375,176.6033172607422,False
prefill_token_power_modeling_1777904889,2560,2560,3,generated,1777905427.4858258,1777905431.5107472,4024.921417236328,402.40650177001953,block,10,10,0,2,10,30,274.6775279593743,289.597,295.052,295.052,123.424,273.9456368159204,289.597,295.052,201,1.0,95.35854545454544,1105.5554651172158,110.5555465117216,65.35854545454545,209.31898250482885,842.4924557178017,84.24924557178016,199,ok,,399.1987705230713,399.1987705230713,403.5458564758301,2962.836980819702,False
prefill_token_power_modeling_1777904889,192,192,1,generated,1777905434.034318,1777905437.062291,3027.97269821167,84.07438463634915,block,36,36,0,2,30,100,193.0188827603861,249.573,250.791,250.791,58.124,234.7308828828829,250.037,250.791,111,0.7302631578947368,95.35854545454544,584.4559072377683,16.23488631216023,65.35854545454545,127.66033730584066,386.55201600657824,10.737556000182728,150,ok,,86.78579330444336,83.09817314147949,86.78579330444336,127.31075286865234,False
prefill_token_power_modeling_1777904889,32,32,5,generated,1777905439.4690003,1777905442.4949467,3025.9463787078857,70.33833237581474,block,43,43,0,2,30,100,166.2248939843468,214.242,215.03815,215.042,57.169,203.44367289719625,214.524,215.042,107,0.7039473684210527,95.35854545454544,502.98761600303646,11.697386418675269,65.35854545454545,100.86634852980136,305.2161620672399,7.098050280633486,150,ok,,70.78909873962402,70.01209259033203,71.27928733825684,42.173147201538086,False
prefill_token_power_modeling_1777904889,64,64,2,generated,1777905444.9240894,1777905447.9607606,3036.671161651612,70.59088973111885,block,43,43,0,2,30,100,168.9713426084043,219.366,219.631,219.631,55.697,187.76186923076924,219.366,219.631,130,0.8552631578947368,95.35854545454544,513.1104032444955,11.932800075453384,65.35854545454545,103.61279715385886,314.6379930951813,7.317162630120495,150,ok,,70.52755355834961,70.38164138793945,71.08569145202637,67.09003448486328,False
prefill_token_power_modeling_1777904889,192,192,2,generated,1777905450.4777162,1777905453.4832432,3005.5270195007324,83.45384730233087,block,36,36,0,2,30,100,189.26644589319253,249.631,251.338,251.338,55.683,208.56763358778625,249.631,251.338,131,0.8675496688741722,95.35854545454544,568.8454170168636,15.801261583801768,65.35854545454545,123.9079004386471,372.40854269796046,10.344681741610012,149,ok,,83.53042602539062,81.64262771606445,88.0579948425293,123.0931282043457,False
prefill_token_power_modeling_1777904889,24,24,3,generated,1777905455.8985484,1777905458.924992,3026.443719863892,70.34028962601063,block,43,43,0,2,30,100,168.52739841269275,211.895,212.226,212.226,56.76,188.6650390625,211.895,212.226,128,0.8421052631578947,95.35854545454544,510.0386865510939,11.861364803513812,65.35854545454545,103.1688529581473,312.23472712074613,7.261272723738282,150,ok,,70.53160667419434,69.9918270111084,71.76709175109863,49.3321418762207,False
prefill_token_power_modeling_1777904889,160,160,5,generated,1777905461.4113717,1777905464.434143,3022.7713584899902,83.93407530254788,block,36,36,0,2,30,100,190.4718159669633,242.728,243.549,244.218,57.709,213.973453125,242.728,243.549,128,0.847682119205298,95.35854545454544,575.752749904513,15.99313194179203,65.35854545454545,125.11327051241786,378.18881067194695,10.505244740887417,149,ok,,87.93354034423828,83.49752426147461,87.93354034423828,86.92312240600586,False
prefill_token_power_modeling_1777904889,1024,1026,1,generated,1777905467.2436953,1777905470.359414,3115.7186031341557,207.66515731811523,block,15,15,0,2,10,30,220.2511792868005,266.658,269.213,269.213,55.392,226.12866666666667,266.658,269.213,150,0.9615384615384616,95.35854545454544,686.2406966661204,45.74937977774136,65.35854545454545,154.892633832255,482.6018607196038,32.17345738130692,154,ok,,206.6190242767334,206.6190242767334,208.71710777282715,166.98479652404785,False
prefill_token_power_modeling_1777904889,288,288,2,generated,1777905472.9419286,1777905475.946315,3004.3864250183105,100.1084804534912,block,30,30,0,2,30,100,204.4439075821879,259.097,259.646,259.889,58.154,227.7854496124031,259.097,259.646,129,0.86,95.35854545454544,614.2285006176234,20.47428335392078,65.35854545454545,139.08536212764244,417.8661738950448,13.928872463168158,148,ok,,100.71372985839844,99.68996047973631,100.7835865020752,156.53491020202637,False
prefill_token_power_modeling_1777904889,96,96,4,generated,1777905478.3982668,1777905481.4152088,3016.942024230957,73.55194557003858,block,41,41,0,2,30,100,179.4005792874364,227.758,228.456,228.456,57.428,201.758734375,227.758,228.456,128,0.8421052631578947,95.35854545454544,541.2411468236447,13.201003581064503,65.35854545454545,114.04203383289097,344.0582043992174,8.391663521932132,150,ok,,76.31826400756836,72.99542427062988,76.31826400756836,72.6308822631836,False
prefill_token_power_modeling_1777904889,12000,12000,2,generated,1777905491.1989524,1777905497.2181563,6019.203901290894,2006.2185923258464,block,3,3,0,2,3,5,292.09908021661806,289.609,301.375,301.375,285.528,292.14521666666667,289.609,301.375,300,1.0,95.35854545454544,1758.2039232033492,586.0679744011164,65.35854545454545,226.74053476207263,1364.797511420651,454.9325038068837,298,ok,,2003.8120746612549,2001.694202423096,2013.1494998931885,3546.862840652466,False
prefill_token_power_modeling_1777904889,4,4,1,generated,1777905499.5993807,1777905502.6472397,3047.858953475952,70.85392087004905,block,43,43,0,2,30,100,171.874484926954,212.232,212.633,212.633,61.188,201.9930782608696,212.397,212.633,115,0.7516339869281046,95.35854545454544,523.8491877586844,12.182539250201962,65.35854545454545,106.51593947240856,324.64555980888304,7.549896739741466,151,ok,,75.35505294799805,70.48463821411133,75.35505294799805,16.407251358032227,False
prefill_token_power_modeling_1777904889,20000,20000,1,generated,1777905518.6491537,1777905529.657562,11008.408308029177,3669.119675954183,block,3,3,0,2,3,5,295.68513058532693,299.482,304.762,306.12,276.866,295.6760641025641,299.482,304.762,546,1.0,95.35854545454544,3255.022648096204,1085.0075493654017,65.35854545454545,230.3265851307815,2535.5290933136835,845.1763644378944,544,ok,,3673.6702919006343,3666.151523590088,3673.6702919006343,6420.690059661865,False
prefill_token_power_modeling_1777904889,448,448,2,generated,1777905532.3003683,1777905535.86263,3562.261819839477,118.70246728261311,block,30,30,0,2,30,100,231.03906070590324,271.501,272.504,272.504,61.7,257.70433726251764,271.932,272.504,150,0.8426966292134831,95.35854545454544,823.0216248442144,27.434054161473814,65.35854545454545,165.6805152513578,590.1973737712442,19.673245792374807,176,ok,,118.87598037719728,118.28255653381348,119.39144134521484,171.88453674316406,False
prefill_token_power_modeling_1777904889,4,4,4,generated,1777905538.2576766,1777905541.3127255,3055.048942565918,71.01656115332315,block,43,43,0,2,30,100,176.3839319470627,210.572,210.899,210.899,61.355,200.9288943089431,210.654,210.899,123,0.7987012987012987,95.35854545454544,538.8615447804929,12.531663832104485,65.35854545454545,111.02538649251728,339.18798960193726,7.888092781440402,152,ok,,70.98150253295898,70.7864761352539,72.24416732788086,16.43681526184082,False
prefill_token_power_modeling_1777904889,128,128,1,generated,1777905543.7987092,1777905546.8448317,3046.1223125457764,74.26302025957806,block,41,41,0,2,30,100,190.20152311256345,228.835,233.096,233.096,59.766,216.76676612903225,232.903,233.096,124,0.8157894736842105,95.35854545454544,579.3771034333706,14.131148864228551,65.35854545454545,124.84297765801796,380.2869798087424,9.275292190457131,150,ok,,76.68852806091309,73.81725311279297,76.68852806091309,107.28955268859865,False
prefill_token_power_modeling_1777904889,640,640,2,generated,1777905549.494992,1777905552.6313727,3136.380672454834,142.52324537797406,block,22,22,0,2,10,30,214.5331239262774,260.88,262.598,262.598,70.512,233.49510144927532,260.88,262.598,138,0.8789808917197452,95.35854545454544,672.8575434837342,30.58443379471519,65.35854545454545,149.17457847173193,467.86826474033705,21.266739306378955,155,ok,,140.70367813110352,140.70367813110352,144.1481113433838,115.28372764587402,False
prefill_token_power_modeling_1777904889,1024,1026,3,generated,1777905555.4581373,1777905558.5741274,3115.990161895752,207.68057505289715,block,15,15,0,2,10,30,228.94939337384005,267.919,269.864,269.864,73.865,251.463,267.919,269.864,136,0.8717948717948718,95.35854545454544,713.404057324886,47.560270488325735,65.35854545454545,163.59084791929462,509.7474726927061,33.98316484618041,154,ok,,206.55083656311035,206.55083656311035,210.72745323181152,170.19891738891602,False
prefill_token_power_modeling_1777904889,2048,2061,3,generated,1777905561.7392504,1777905565.24819,3508.939504623413,350.820255279541,block,10,10,0,2,10,30,252.8758710781115,272.979,275.065,275.065,84.16,258.8793214285714,272.979,275.065,168,0.96,95.35854545454544,887.3261337920426,88.73261337920425,65.35854545454545,187.517325623566,657.986951681863,65.7986951681863,173,ok,,347.75853157043457,347.75853157043457,352.97179222106934,233.75535011291504,False
prefill_token_power_modeling_1777904889,2,2,4,generated,1777905567.6416,1777905570.6595418,3017.941951751709,70.1535468877748,block,43,43,0,2,30,100,171.3180564441958,210.385,210.709,210.709,57.729,201.26934210526315,210.409,210.709,114,0.7549668874172185,95.35854545454544,517.0279496355057,12.023905805476875,65.35854545454545,105.95951098965035,319.77965340276205,7.436736125645629,149,ok,,70.02806663513184,69.95964050292969,72.02720642089844,12.901067733764648,False
prefill_token_power_modeling_1777904889,288,288,1,generated,1777905573.2698658,1777905576.2987766,3028.9108753204346,100.91269810994466,block,30,30,0,2,30,100,209.75214392916408,257.774,258.559,258.559,58.149,241.24188524590164,258.284,258.559,122,0.8026315789473685,95.35854545454544,635.3205498688221,21.177351662294072,65.35854545454545,144.3935984746186,437.3553407464244,14.578511358214149,150,ok,,100.58188438415527,100.09336471557616,102.00691223144533,166.46599769592285,False
prefill_token_power_modeling_1777904889,416,416,5,generated,1777905578.91654,1777905582.4648871,3548.347234725952,118.2392120361328,block,30,30,0,2,30,100,225.29018560894315,263.017,264.563,264.66,69.081,247.8115974025974,263.598,264.563,154,0.8700564971751412,95.35854545454544,799.4078071163899,26.646926903879663,65.35854545454545,159.9316401543977,567.4929930870431,18.91643310290144,175,ok,,118.23344230651855,117.7365779876709,119.4620132446289,146.65770530700684,False
prefill_token_power_modeling_1777904889,320,320,1,generated,1777905585.0793357,1777905588.1225464,3043.210744857788,101.40116214752196,block,30,30,0,2,30,100,200.6645050295158,256.171,257.36,257.36,57.824,215.36257971014493,256.171,257.36,138,0.9019607843137256,95.35854545454544,610.6643778173922,20.355479260579735,65.35854545454545,135.30595957497036,411.7645500218433,13.72548500072811,151,ok,,101.15814208984376,101.02581977844238,101.9434928894043,170.58658599853516,False
prefill_token_power_modeling_1777904889,1024,1026,2,generated,1777905590.931988,1777905594.0516734,3119.685411453247,207.9199314117432,block,15,15,0,2,10,30,230.06856768629424,267.701,270.064,270.064,88.777,253.0953582089552,267.701,270.064,134,0.8535031847133758,95.35854545454544,717.741554244876,47.8494369496584,65.35854545454545,164.71002223174878,513.8434534765267,34.25623023176845,155,ok,,207.41748809814453,206.9802284240723,210.2506160736084,169.17181015014648,False
prefill_token_power_modeling_1777904889,4,4,2,generated,1777905596.4430835,1777905599.4929636,3049.880027770996,70.89493995489076,block,43,43,0,2,30,100,169.04763328967104,208.311,208.996,208.998,58.391,186.34942748091603,208.311,208.997,131,0.8618421052631579,95.35854545454544,515.5750005121231,11.990116290979609,65.35854545454545,103.6890878351256,316.2392780861421,7.354401815956794,150,ok,,71.044921875,70.71471214294434,71.23470306396484,17.16923713684082,False
prefill_token_power_modeling_1777904889,352,352,4,generated,1777905602.093471,1777905605.225576,3132.1048736572266,104.36306794484456,block,30,30,0,2,30,100,207.1553356178351,262.546,263.203,263.203,57.907,220.78592307692307,262.58,263.203,143,0.910828025477707,95.35854545454544,648.8322362927198,21.62774120975733,65.35854545454545,141.79679016328964,444.12241753939065,14.804080584646355,155,ok,,104.27212715148926,104.0334701538086,104.8429012298584,139.17231559753418,False
prefill_token_power_modeling_1777904889,12000,12000,1,generated,1777905615.295678,1777905621.321803,6026.125431060791,2008.4547996521,block,3,3,0,2,3,5,292.2566941748347,290.9955,302.097,302.097,285.69,292.29480333333333,290.9955,302.097,300,1.0,95.35854545454544,1761.1754971647274,587.0584990549091,65.35854545454545,226.89814872028927,1367.3167042639484,455.7722347546495,298,ok,,1999.0990161895752,1999.0990161895752,2020.533323287964,3821.551561355591,False
prefill_token_power_modeling_1777904889,1280,1276,3,generated,1777905624.2422152,1777905627.4470034,3204.7882080078125,228.85256154196605,block,14,14,0,2,10,30,248.81626047853803,277.611,281.599,281.599,62.059,256.05172727272725,279.465,281.599,154,0.9565217391304348,95.35854545454544,797.403417542219,56.95738696730136,65.35854545454545,183.4577150239926,587.9431217769492,41.99593726978208,159,ok,,227.7395725250244,227.44035720825195,230.0209999084473,212.9840850830078,False
prefill_token_power_modeling_1777904889,384,384,4,generated,1777905632.253646,1777905635.4099298,3156.2836170196533,105.16033967336018,block,30,30,0,2,30,100,212.5453310880994,265.241,267.706,267.706,51.04,246.0800787401575,266.622,267.706,127,0.8037974683544303,95.35854545454544,670.8533463873862,22.361778212912878,65.35854545454545,147.18678563355394,464.5632401369701,15.485441337899005,156,ok,,104.77495193481444,104.62117195129396,106.69803619384766,134.1574192047119,False
prefill_token_power_modeling_1777904889,160,160,2,generated,1777905637.896397,1777905640.9213183,3024.921178817749,83.99118317498102,block,36,36,0,2,30,100,200.81920202319796,244.271,244.532,244.769,64.288,226.17015748031497,244.271,244.532,127,0.8410596026490066,95.35854545454544,607.4622573132516,16.873951592034768,65.35854545454545,135.4606565686525,409.75780895107454,11.38216135975207,149,ok,,85.48307418823242,83.5869312286377,85.48307418823242,69.55242156982422,False
prefill_token_power_modeling_1777904889,160,160,1,generated,1777905643.423732,1777905646.437366,3013.633966445923,83.67679516474406,block,36,36,0,2,30,100,193.8845776196971,244.426,245.262,245.312,62.232,216.3351472868217,244.426,245.262,129,0.8543046357615894,95.35854545454544,584.2971486847401,16.230476352353893,65.35854545454545,128.52603216515166,387.33041610542216,10.759178225150617,149,ok,,83.77456665039062,83.21547508239746,84.52534675598145,82.72171020507812,False
prefill_token_power_modeling_1777904889,5000,5000,1,generated,1777905651.5249355,1777905654.641781,3116.8458461761475,779.0485620498657,block,4,4,0,2,3,5,286.50428280989684,287.295,288.762,288.762,282.962,286.5142756410256,287.295,288.762,156,1.0,95.35854545454544,892.9896837877031,223.24742094692576,65.35854545454545,221.1457373553514,689.2771728755882,172.31929321889706,154,ok,,772.7577686309814,772.7577686309814,785.6862545013428,1303.9164543151855,False
prefill_token_power_modeling_1777904889,192,192,3,generated,1777905657.18507,1777905660.2145507,3029.4806957244878,84.11249849531386,block,36,36,0,2,30,100,199.4925288270714,250.584,251.419,251.419,58.942,234.6321186440678,251.174,251.419,118,0.7763157894736842,95.35854545454544,604.3587650228736,16.7877434728576,65.35854545454545,134.13398337252596,406.3563132676968,11.287675368547132,150,ok,,89.84827995300293,83.57095718383789,89.84827995300293,123.5358715057373,False
prefill_token_power_modeling_1777904889,2560,2560,1,generated,1777905666.100998,1777905670.1295702,4028.5723209381104,402.7842044830322,block,10,10,0,2,10,30,277.70277974377416,290.948,294.785,294.785,120.361,276.615698019802,290.948,294.785,202,1.0,95.35854545454544,1118.745731923341,111.87457319233413,65.35854545454545,212.34423428922872,855.4441047683839,85.5444104768384,200,ok,,399.2800712585449,399.2800712585449,408.04553031921387,2867.565870285034,False
prefill_token_power_modeling_1777904889,8000,8000,2,generated,1777905676.855293,1777905680.636658,3781.364917755127,1260.3042125701904,block,3,3,0,2,3,5,291.2318909888834,289.755,296.727,296.727,288.679,291.22845645753955,289.755,296.727,189,1.0,95.35854545454544,1101.2540555168491,367.0846851722831,65.35854545454545,225.87334553433797,854.1095446595272,284.70318155317574,187,ok,,1254.583120346069,1254.583120346069,1263.377666473389,1981.1687469482424,False
prefill_token_power_modeling_1777904889,24,24,4,generated,1777905683.0427537,1777905686.0602744,3017.520904541016,70.1426905254985,block,43,43,0,2,30,100,171.19226172936217,215.219,215.934,215.934,59.631,205.2544545454545,215.269,215.934,110,0.7284768211920529,95.35854545454544,516.5762284640073,12.013400661953655,65.35854545454545,105.83371627481672,319.35545126452223,7.426870959640052,149,ok,,70.38211822509766,69.49782371520996,70.80292701721191,42.8462028503418,False
prefill_token_power_modeling_1777904889,160,160,3,generated,1777905688.541661,1777905691.5612602,3019.599199295044,83.84185367160373,block,36,36,0,2,30,100,190.30228562385167,245.832,246.331,246.331,59.467,231.22758181818185,246.181,246.331,110,0.7236842105263158,95.35854545454544,574.6366292937993,15.962128591494425,65.35854545454545,124.94374016930622,377.28001777216514,10.480000493671254,150,ok,,87.12220191955566,82.98468589782715,87.12220191955566,81.10332489013672,False
prefill_token_power_modeling_1777904889,1280,1276,2,generated,1777905694.451423,1777905697.6357222,3184.299230575561,227.3981400898525,block,14,14,0,2,10,30,235.8393122537655,275.585,278.269,278.269,84.947,258.48478260869564,275.585,278.269,138,0.8679245283018868,95.35854545454544,750.9829405491352,53.641638610652514,65.35854545454545,170.48076679922008,542.8617745466883,38.77584103904916,157,ok,,225.5768775939941,225.5570888519287,229.7508716583252,203.7062644958496,False
prefill_token_power_modeling_1777904889,64,64,1,generated,1777905700.0836585,1777905703.1342585,3050.600051879883,70.90936150661734,block,43,43,0,2,30,100,173.21498983544075,219.897,220.016,220.016,58.179,207.08007894736843,219.961,220.016,114,0.7450980392156863,95.35854545454544,528.409656978369,12.288596673915556,65.35854545454545,107.8564443808953,329.0268748239389,7.65178778660323,151,ok,,74.30458068847656,70.52016258239746,74.30458068847656,65.87362289428711,False
prefill_token_power_modeling_1777904889,128,128,3,generated,1777905705.608597,1777905708.6220112,3013.414144515991,73.46394003891363,block,41,41,0,2,30,100,185.2431357815284,233.839,234.592,234.592,58.862,220.49176991150443,234.351,234.592,113,0.7483443708609272,95.35854545454544,558.214285538554,13.614982574111073,65.35854545454545,119.88459032698294,361.26192020083545,8.81126634636184,149,ok,,73.71354103088379,72.65114784240723,74.07379150390625,98.4945297241211,False
prefill_token_power_modeling_1777904889,5000,5000,2,generated,1777905713.6894536,1777905716.7977357,3108.2820892333984,776.9680023193359,block,4,4,0,2,3,5,284.5238935167614,283.982,289.096,289.096,275.17,284.42882692307694,283.982,289.096,156,1.0,95.35854545454544,884.3805221771001,221.09513054427504,65.35854545454545,219.165348062216,681.2277259623895,170.30693149059738,154,ok,,772.1519470214844,772.1519470214844,779.0942192077637,1272.502899169922,False
prefill_token_power_modeling_1777904889,224,224,2,generated,1777905719.3369231,1777905722.347502,3010.5788707733154,85.97972052437919,block,35,35,0,2,30,100,194.950402311764,241.532,253.226,253.226,58.637,221.8675564516129,252.523,253.226,124,0.8211920529801324,95.35854545454544,586.913562048554,16.76895891567297,65.35854545454545,129.59185685721854,390.14650607862217,11.147043030817777,149,ok,,91.03655815124512,85.23797988891602,91.03655815124512,133.14127922058103,False
prefill_token_power_modeling_1777904889,448,448,1,generated,1777905724.9758215,1777905728.5323126,3556.491136550904,118.50715478261311,block,30,30,0,2,30,100,220.0689149739843,266.411,267.686,267.686,62.677,239.74524683544303,266.475,267.686,158,0.8876404494382022,95.35854545454544,782.6731455353496,26.08910485117832,65.35854545454545,154.71036951943887,550.2260579283993,18.340868597613312,176,ok,,118.23558807373048,118.10040473937988,118.93248558044434,153.54490280151367,False
prefill_token_power_modeling_1777904889,2048,2061,2,generated,1777905731.6927762,1777905735.1977062,3504.930019378662,350.4241943359375,block,10,10,0,2,10,30,251.47046412306943,274.519,275.388,275.388,86.069,259.60856626506023,274.519,275.388,166,0.9485714285714286,95.35854545454544,881.3863786920309,88.1386378692031,65.35854545454545,186.111918668524,652.3092507054698,65.23092507054699,173,ok,,347.76973724365234,347.76973724365234,351.29737854003906,234.2216968536377,False
prefill_token_power_modeling_1777904889,768,768,2,generated,1777905737.861478,1777905741.0137177,3152.239799499512,157.5681209564209,block,20,20,0,2,10,30,231.57049675221,277.418,277.76895,277.865,58.566,259.9111893939394,277.418,277.865,132,0.8354430379746836,95.35854545454544,729.9657362521887,36.49828681260944,65.35854545454545,166.21195129766454,523.9399280329726,26.19699640164863,156,ok,,156.8155288696289,156.64339065551758,158.20574760437012,99.51257705688477,False
prefill_token_power_modeling_1777904889,18000,18000,1,generated,1777905755.0226252,1777905764.758096,9735.47077178955,3244.922717412313,block,3,3,0,2,3,5,295.25079362067794,300.246,305.7747500000001,306.083,277.602,295.2684338842975,300.246,305.7747500000001,484,1.0,95.35854545454544,2874.4054716417786,958.1351572139262,65.35854545454545,229.8922481661325,2238.1092626823724,746.0364208941241,482,ok,,3238.198518753052,3238.198518753052,3251.328706741333,5289.93821144104,False
prefill_token_power_modeling_1777904889,64,64,5,generated,1777905767.1926513,1777905770.2406628,3048.011541366577,70.85578386173692,block,43,43,0,2,30,100,181.5863248080632,224.772,225.326,225.326,63.296,211.60112605042016,225.163,225.326,119,0.7777777777777778,95.35854545454544,553.4772137693167,12.87156311091434,65.35854545454545,116.22777935351776,354.2636128969301,8.238688672021631,151,ok,,70.8765983581543,70.65534591674805,71.2440013885498,65.25063514709473,False
prefill_token_power_modeling_1777904889,16,16,5,generated,1777905772.643206,1777905775.6454296,3002.223491668701,71.45040375845772,block,42,42,0,2,30,100,168.73489661063425,208.813,212.658,212.658,61.565,198.98870175438597,212.123,212.658,114,0.7549668874172185,95.35854545454544,506.5798704687356,12.06142548735085,65.35854545454545,103.3763511560888,310.3589099238027,7.389497855328635,149,ok,,74.92303848266602,70.57809829711914,74.92303848266602,28.01156044006348,False
prefill_token_power_modeling_1777904889,640,640,3,generated,1777905778.2790873,1777905781.4183846,3139.2972469329834,142.65433224764735,block,22,22,0,2,10,30,216.0127571983404,262.762,264.017,264.017,59.592,247.44725196850396,262.762,264.017,127,0.8089171974522293,95.35854545454544,678.1282539751529,30.82401154432513,65.35854545454545,150.65421174379492,472.9483521661541,21.497652371188824,155,ok,,142.33851432800293,141.71528816223145,143.55134963989258,116.12105369567873,False
prefill_token_power_modeling_1777904889,384,384,3,generated,1777905783.9926264,1777905787.1376123,3144.9859142303467,104.79113260904948,block,30,30,0,2,30,100,204.3900037323856,265.771,267.539,267.539,56.196,224.27601449275363,265.771,267.539,138,0.8789808917197452,95.35854545454544,642.8036827478408,21.426789424928025,65.35854545454545,139.03145827784016,437.2519779187115,14.575065930623715,155,ok,,105.03673553466795,104.38895225524902,106.66894912719728,129.3540000915527,False
prefill_token_power_modeling_1777904889,8,8,4,generated,1777905789.5454476,1777905792.6057856,3060.338020324707,71.14435905633971,block,43,43,0,2,30,100,165.87144714333633,207.593,208.129,208.129,58.861,197.46995535714285,207.628,208.129,112,0.7320261437908496,95.35854545454544,507.6226961790322,11.805178980907725,65.35854545454545,100.51290168879088,307.60345457136617,7.153568710962004,151,ok,,72.37529754638672,70.63460350036621,72.37529754638672,20.3707218170166,False
prefill_token_power_modeling_1777904889,416,416,4,generated,1777905795.2157478,1777905798.7564075,3540.6596660614014,117.98733870188396,block,30,30,0,2,30,100,220.2743934448318,263.41,264.663,264.663,57.633,251.06238194444444,263.41,264.663,144,0.8135593220338984,95.35854545454544,779.9166603362559,25.997222011208528,65.35854545454545,154.91584799028635,548.504294612906,18.28347648709687,175,ok,,117.61021614074708,117.57278442382812,118.9260482788086,136.80720329284668,False
prefill_token_power_modeling_1777904889,480,480,4,generated,1777905801.4382534,1777905805.0772617,3639.008283615112,121.26147747039796,block,30,30,0,2,30,100,227.95167760312492,265.63,266.429,266.429,70.535,248.5455,265.664,266.429,160,0.8791208791208791,95.35854545454544,829.5180430617331,27.650601435391103,65.35854545454545,162.5931321485795,591.6777547476074,19.722591824920247,180,ok,,120.21946907043456,120.21946907043456,122.03764915466309,205.22379875183103,False
prefill_token_power_modeling_1777904889,320,320,4,generated,1777905807.684376,1777905810.7246027,3040.226697921753,101.3070583343506,block,30,30,0,2,30,100,205.41920161700835,255.867,257.133,257.133,59.152,240.4235508474576,256.548,257.133,118,0.7712418300653595,95.35854545454544,624.5209410218,20.817364700726667,65.35854545454545,140.06065616246286,425.8161461935585,14.193871539785285,151,ok,,103.9886474609375,100.8741855621338,103.9886474609375,171.67019844055176,False
prefill_token_power_modeling_1777904889,320,320,5,generated,1777905813.3404872,1777905816.3816264,3041.1391258239746,101.33132934570312,block,30,30,0,2,30,100,209.22920922546572,254.4025,257.737,257.737,59.47,237.6239492531912,257.046,257.737,125,0.8223684210526315,95.35854545454544,636.2951344407744,21.20983781469248,65.35854545454545,143.87066377092032,437.53070465201154,14.584356821733715,150,ok,,102.50067710876463,100.97503662109376,102.50067710876463,175.83179473876953,False
prefill_token_power_modeling_1777904889,1,1,2,generated,1777905818.7779725,1777905821.7815733,3003.600835800171,69.82399696527526,block,43,43,0,2,30,100,175.06592248719343,209.819,210.883,210.883,58.182,199.84485123966945,210.235,210.883,121,0.8013245033112583,95.35854545454544,525.8281511026621,12.22856165355028,65.35854545454545,109.70737703264798,329.5171693487059,7.663189984853626,149,ok,,69.86260414123535,69.71263885498047,70.08838653564453,11.615514755249023,False
prefill_token_power_modeling_1777904889,224,224,5,generated,1777905824.3221602,1777905827.334551,3012.3910903930664,86.03170258658272,block,35,35,0,2,30,100,204.1900759124896,246.386,251.364,251.364,57.776,233.46117886178865,251.245,251.364,123,0.8145695364238411,95.35854545454544,615.1003654254674,17.574296155013354,65.35854545454545,138.8315304579441,418.2148654171445,11.948996154775555,149,ok,,87.98599243164062,85.67285537719727,87.98599243164062,132.62224197387695,False
prefill_token_power_modeling_1777904889,32,32,2,generated,1777905829.7605565,1777905832.781211,3020.6542015075684,70.2151475950729,block,43,43,0,2,30,100,175.33675915609248,213.069,214.462,214.462,58.979,201.79409166666665,213.795,214.462,120,0.7894736842105263,95.35854545454544,529.6317182235714,12.317016702873753,65.35854545454545,109.97821370154703,332.2061532918753,7.72572449515989,150,ok,,70.3582763671875,70.06239891052246,71.1367130279541,39.74652290344238,False
prefill_token_power_modeling_1777904889,480,480,3,generated,1777905835.4866652,1777905839.140825,3654.1597843170166,121.76261742909747,block,30,30,0,2,30,100,229.1986715471286,264.565,265.877,265.877,65.077,248.13305521472392,265.53,265.877,163,0.8907103825136612,95.35854545454544,837.5285681864023,27.917618939546745,65.35854545454545,163.84012609258315,598.6979998249465,19.956599994164883,181,ok,,120.70298194885254,120.70298194885254,132.50374794006348,219.0151214599609,False
prefill_token_power_modeling_1777904889,3000,3000,1,generated,1777905845.715762,1777905850.5365767,4820.814847946167,482.0042848587036,block,10,10,0,2,10,30,277.9359216850201,283.316,284.126,284.126,144.303,277.5145958333333,283.316,284.126,240,1.0,95.35854545454544,1339.877618036748,133.9877618036748,65.35854545454545,212.57737623047467,1024.7961716693108,102.47961716693108,238,ok,,478.1618118286133,478.1618118286133,484.6193790435791,3370.2759742736816,False
prefill_token_power_modeling_1777904889,192,192,5,generated,1777905853.0854878,1777905856.1047175,3019.229888916016,83.83546272913615,block,36,36,0,2,30,100,194.73142978811347,250.926,251.82,251.82,60.156,234.0702232142857,251.038,251.82,112,0.7417218543046358,95.35854545454544,587.9389531276228,16.33163758687841,65.35854545454545,129.37288433356804,390.6064791951832,10.850179977643975,149,ok,,87.75568008422852,83.39858055114746,87.75568008422852,127.78258323669434,False
prefill_token_power_modeling_1777904889,1280,1276,1,generated,1777905859.0108154,1777905862.192272,3181.4565658569336,227.1943773542132,block,14,14,0,2,10,30,239.91717437209212,276.673,278.187,278.187,85.151,259.6359290780142,276.673,278.187,141,0.88125,95.35854545454544,763.2860696679354,54.52043354770967,65.35854545454545,174.55862891754668,555.3506960967129,39.66790686405092,158,ok,,225.44097900390625,225.44097900390625,227.86617279052732,204.08082008361816,False
prefill_token_power_modeling_1777904889,10000,10000,2,generated,1777905870.6153078,1777905875.586232,4970.924139022827,1656.774361928304,block,3,3,0,2,3,5,289.2245406290449,286.162,298.949,298.987,282.475,289.25693117408906,286.162,298.949,247,1.0,95.35854545454544,1437.713250610708,479.2377502035693,65.35854545454545,223.86599517449952,1112.820879319287,370.9402931064291,245,ok,,1648.4603881835938,1648.4603881835938,1661.6475582122805,2892.967939376831,False
prefill_token_power_modeling_1777904889,8,8,3,generated,1777905877.9989483,1777905881.0648746,3065.926313400269,71.26887454543002,block,43,43,0,2,30,100,164.56439862997013,209.555,209.764,209.764,57.574,199.1443090909091,209.681,209.764,110,0.7142857142857143,95.35854545454544,504.5423200085165,11.733542325779457,65.35854545454545,99.20585317542468,304.15783569385815,7.07343803939205,152,ok,,73.55594635009766,71.03586196899414,73.55594635009766,20.53213119506836,False
prefill_token_power_modeling_1777904889,288,288,3,generated,1777905883.671599,1777905886.768772,3097.17321395874,99.87221225615473,block,31,31,0,2,30,100,206.9143232688907,260.433,261.513,261.513,60.32,243.79325,260.774,261.513,120,0.7692307692307693,95.35854545454544,640.849499612808,20.67256450363897,65.35854545454545,141.55577781434528,438.42276332768506,14.142669784764037,154,ok,,104.04539108276369,99.08485412597656,104.04539108276369,167.33026504516602,False
prefill_token_power_modeling_1777904889,4,4,5,generated,1777905889.1510413,1777905892.197817,3046.7758178710938,70.82682432130326,block,43,43,0,2,30,100,169.99258598709272,208.53,208.816,208.816,58.362,199.04917241379312,208.786,208.816,116,0.7581699346405228,95.35854545454544,517.9293002028467,12.044867446577827,65.35854545454545,104.63404053254727,318.7964644207089,7.413871265597882,151,ok,,70.8622932434082,70.63150405883789,71.08736038208008,11.673450469970703,False
prefill_token_power_modeling_1777904889,18000,18000,2,generated,1777905906.3033297,1777905916.0090525,9705.72304725647,3235.039234161377,block,3,3,0,2,3,5,293.1428708760744,297.625,302.75185,302.778,278.393,293.1561265560166,297.625,302.75185,482,1.0,95.35854545454544,2845.163518000843,948.3878393336144,65.35854545454545,227.784325421529,2210.811577047501,736.9371923491672,480,ok,,3235.532522201538,3234.2262268066406,3235.532522201538,5387.942790985107,False
prefill_token_power_modeling_1777904889,352,352,2,generated,1777905918.5891075,1777905921.7179894,3128.881931304932,104.25820350646973,block,30,30,0,2,30,100,210.03319034559595,266.924,267.853,267.853,60.931,224.82569014084507,266.924,267.853,142,0.9044585987261148,95.35854545454544,657.1690542466646,21.90563514155549,65.35854545454545,144.6746448910505,452.6698823175652,15.088996077252174,155,ok,,103.5306453704834,103.5306453704834,104.76994514465332,120.86725234985352,False
prefill_token_power_modeling_1777904889,320,320,2,generated,1777905924.3474753,1777905927.3886242,3041.148900985718,101.33723417917888,block,30,30,0,2,30,100,210.34944540677856,256.1945,259.36,259.36,61.247,238.59698412698413,258.989,259.36,126,0.8289473684210527,95.35854545454544,639.7039847217799,21.323466157392662,65.35854545454545,144.99089995223312,440.9389160426639,14.697963868088795,150,ok,,100.6178855895996,100.6178855895996,102.51569747924805,170.84026336669922,False
prefill_token_power_modeling_1777904889,288,288,5,generated,1777905929.9935458,1777905932.999848,3006.302118301392,100.17351309458417,block,30,30,0,2,30,100,208.05978070581784,260.515,260.659,260.659,59.139,229.55461832061067,260.525,260.659,131,0.8675496688741722,95.35854545454544,625.4905594692232,20.849685315640773,65.35854545454545,142.7012352512724,429.0030258201254,14.300100860670849,149,ok,,99.78413581848145,99.78413581848145,100.71825981140135,154.36911582946777,False
prefill_token_power_modeling_1777904889,128,128,5,generated,1777905935.494074,1777905938.508968,3014.8942470550537,73.50797187991259,block,41,41,0,2,30,100,178.18256397054168,233.66,233.934,233.934,55.619,219.1929906542056,233.805,233.934,107,0.7086092715231788,95.35854545454544,537.2015870403052,13.102477732690373,65.35854545454545,112.82401851599624,340.15248435350986,8.29640205740268,149,ok,,75.03581047058105,73.15182685852051,75.03581047058105,96.22716903686523,False
prefill_token_power_modeling_1777904889,384,384,2,generated,1777905941.0693994,1777905944.2032776,3133.878231048584,104.42167123158772,block,30,30,0,2,30,100,206.2245281881204,264.985,266.419,266.419,55.781,222.50468085106385,264.985,266.419,141,0.8980891719745223,95.35854545454544,646.2825595970155,21.542751986567183,65.35854545454545,140.86598273357492,441.4568367840161,14.715227892800536,155,ok,,107.9843044281006,103.72018814086914,107.9843044281006,114.02463912963869,False
prefill_token_power_modeling_1777904889,64,64,4,generated,1777905946.661425,1777905949.69016,3028.7349224090576,70.40167963782022,block,43,43,0,2,30,100,174.56964630936426,218.997,220.191,220.191,59.43,205.55434482758625,220.016,220.191,116,0.7631578947368421,95.35854545454544,528.725184169769,12.295934515576024,65.35854545454545,109.2111008548188,330.77147507372746,7.692359885435522,150,ok,,78.84860038757324,69.20146942138672,78.84860038757324,66.53785705566406,False
prefill_token_power_modeling_1777904889,256,256,1,generated,1777905952.2118502,1777905955.239787,3027.937173843384,86.47753851754325,block,35,35,0,2,30,100,200.3219923435969,249.403,254.439,254.439,58.239,235.38443220338985,253.044,254.439,118,0.7763157894736842,95.35854545454544,606.5624073555468,17.33035449587277,65.35854545454545,134.96344688905145,408.6608379453961,11.676023941297032,150,ok,,90.4560089111328,85.2351188659668,90.4560089111328,95.81637382507324,False
prefill_token_power_modeling_1777904889,6000,6000,2,generated,1777905960.8949802,1777905964.6159415,3720.961332321167,930.0769567489624,block,4,4,0,2,3,5,284.238307453756,285.774,287.15,287.15,278.05,284.2557688172043,285.774,287.15,186,1.0,95.35854545454544,1057.6397511998414,264.40993779996035,65.35854545454545,218.87976199921053,814.4431308267224,203.6107827066806,184,ok,,921.959400177002,921.959400177002,937.5922679901124,1550.7957935333252,False
prefill_token_power_modeling_1777904889,480,480,1,generated,1777905969.5727952,1777905973.198779,3625.9841918945312,120.82922458648682,block,30,30,0,2,30,100,226.53095711616143,264.907,265.238,265.238,49.157,242.67135542168677,264.907,265.238,166,0.912087912087912,95.35854545454544,821.3976694779393,27.37992231593131,65.35854545454545,161.17241166161597,584.4086168545373,19.480287228484578,180,ok,,120.23448944091795,119.83180046081544,121.83475494384766,227.1969318389893,False
prefill_token_power_modeling_1777904889,16,16,1,generated,1777905975.6097896,1777905978.6704526,3060.6629848480225,71.1454291676366,block,43,43,0,2,30,100,164.33029444692286,206.228,206.927,206.927,59.161,194.5092260869565,206.696,206.927,115,0.7516339869281046,95.35854545454544,502.9596495028733,11.696736034950543,65.35854545454545,98.9717489923774,302.91916868663907,7.044631829921839,151,ok,,75.16169548034668,70.88494300842285,75.16169548034668,31.354665756225582,False
prefill_token_power_modeling_1777904889,192,192,4,generated,1777905981.2151504,1777905984.2258332,3010.682821273804,83.5963421397739,block,36,36,0,2,30,100,194.950149083932,243.229,249.435,249.435,57.657,229.66988034188037,248.779,249.435,117,0.7748344370860927,95.35854545454544,586.9330648517611,16.30369624588225,65.35854545454545,129.59160362938655,390.159214828318,10.837755967453278,149,ok,,89.9956226348877,83.06241035461426,89.9956226348877,122.34282493591309,False
prefill_token_power_modeling_1777904889,16,16,4,generated,1777905986.650096,1777905989.7093277,3059.231758117676,71.11482287562171,block,43,43,0,2,30,100,166.51351982675547,206.483,206.986,206.986,57.79,195.8644700854701,206.907,206.986,117,0.7597402597402597,95.35854545454544,509.4034480099676,11.846591814185294,65.35854545454545,101.15497437221002,309.4565100910445,7.196663025373128,152,ok,,74.18417930603027,70.94526290893555,74.18417930603027,28.8081169128418,False
prefill_token_power_modeling_1777904889,8,8,1,generated,1777905992.1098063,1777905995.1610851,3051.278591156006,70.93213879784872,block,43,43,0,2,30,100,165.42133006288492,205.53,205.79,205.79,56.708,196.2477192982456,205.743,205.79,114,0.7450980392156863,95.35854545454544,504.74656294143216,11.738292161428657,65.35854545454545,100.06278460833948,305.3194324468809,7.100451917369323,151,ok,,71.05827331542969,70.80698013305664,71.3796615600586,21.006345748901367,False
prefill_token_power_modeling_1777904889,2816,2816,3,generated,1777906001.4746225,1777906005.8982716,4423.649072647095,442.2926425933838,block,10,10,0,2,10,30,276.7816564888065,287.143,288.36,288.36,180.538,276.51447963800905,287.143,288.36,221,1.0,95.35854545454544,1224.3849180524355,122.43849180524356,65.35854545454545,211.42311103426107,935.2616490628724,93.52616490628724,219,ok,,439.35561180114746,439.2211437225342,443.63951683044434,3186.48362159729,False
prefill_token_power_modeling_1777904889,128,128,2,generated,1777906010.625297,1777906013.6661355,3040.8384799957275,74.13562914220299,block,41,41,0,2,30,100,175.37107979872675,230.907,232.292,232.292,48.632,211.63901754385964,231.382,232.292,114,0.75,95.35854545454544,533.2751277303697,13.006710432448042,65.35854545454545,110.0125343441813,334.5303477156381,8.159276773552149,150,ok,,77.86965370178223,73.75097274780273,77.86965370178223,95.54481506347656,False
prefill_token_power_modeling_1777904889,448,448,3,generated,1777906016.3188672,1777906019.8660746,3547.207355499268,118.20190747578938,block,30,30,0,2,30,100,220.2332238867093,264.707,265.597,265.597,57.052,247.4626876159175,265.052,265.597,149,0.8418079096045198,95.35854545454544,781.2129116962524,26.04043038987508,65.35854545454545,154.87467843216388,549.3725985151556,18.312419950505184,175,ok,,117.76018142700195,117.76018142700195,118.87764930725098,155.60531616210938,False
prefill_token_power_modeling_1777904889,2304,2304,2,generated,1777906025.334382,1777906029.099536,3765.1538848876953,376.43229961395264,block,10,10,0,2,10,30,257.67867904171044,276.566,277.389,277.389,86.328,259.7227567567568,276.566,277.389,185,0.9840425531914894,95.35854545454544,970.1998794466256,97.01998794466256,65.35854545454545,192.320133587165,724.1148981178349,72.41148981178348,186,ok,,373.36015701293945,373.36015701293945,377.5269985198975,2468.5609340667725,False
prefill_token_power_modeling_1777904889,640,640,1,generated,1777906031.7642834,1777906034.8989725,3134.6888542175293,142.44326678189364,block,22,22,0,2,10,30,212.38807809500696,259.215,260.305,260.33,56.336,244.25764285714288,259.547,260.305,126,0.802547770700637,95.35854545454544,665.7705411731005,30.26229732605002,65.35854545454545,147.02953264046153,460.8918372088671,20.94962896403941,155,ok,,140.84124565124512,140.84124565124512,143.4309482574463,117.2964572906494,False
prefill_token_power_modeling_1777904889,1536,1536,1,generated,1777906037.8906882,1777906041.1341932,3243.5050010681152,270.2292402585348,block,12,12,0,2,10,30,230.5453464414365,267.673,268.535,268.535,90.56661642865572,230.5575185185185,267.673,268.535,162,0.9938650306748468,95.35854545454544,747.7749841557805,62.31458201298171,65.35854545454545,165.18680098689106,535.7842151114246,44.64868459261872,161,ok,,270.10250091552734,270.04551887512207,270.5223560333252,195.0545310974121,False
prefill_token_power_modeling_1777904889,2048,2061,1,generated,1777906044.3107164,1777906047.814473,3503.756284713745,350.30908584594727,block,10,10,0,2,10,30,252.09173072286745,272.2,273.937,273.937,72.909,255.09216279069767,272.2,273.937,172,0.9772727272727272,95.35854545454544,883.267985844612,88.3267985844612,65.35854545454545,186.733185268322,654.2675714484994,65.42675714484994,174,ok,,347.98145294189453,347.98145294189453,351.12714767456055,236.5593910217285,False
prefill_token_power_modeling_1777904889,416,416,3,generated,1777906050.4564626,1777906053.989138,3532.675266265869,117.71962642669678,block,30,30,0,2,30,100,222.6792096467639,262.668,264.264,264.264,62.724,244.84524516129036,263.6,264.264,155,0.8757062146892656,95.35854545454544,786.6533362307548,26.22177787435849,65.35854545454545,157.32066419221843,555.7628192643685,18.525427308812286,175,ok,,119.1103458404541,117.38944053649902,119.1103458404541,142.31061935424805,False
prefill_token_power_modeling_1777904889,1536,1536,3,generated,1777906056.970516,1777906060.214779,3244.2626953125,270.2946662902832,block,12,12,0,2,10,30,232.39943283247436,268.371,268.773,268.773,88.353,253.46940425531915,268.371,268.773,141,0.8703703703703703,95.35854545454544,753.9648103501795,62.83040086251496,65.35854545454545,167.04088737792887,541.9245195121114,45.16037662600928,160,ok,,268.9802646636963,268.9802646636963,270.8292007446289,199.24616813659668,False
prefill_token_power_modeling_1777904889,3000,3000,2,generated,1777906066.732201,1777906071.549321,4817.119836807251,481.6227674484253,block,10,10,0,2,10,30,266.9282590076749,279.613,282.527,282.792,147.084,266.3655269709544,279.613,282.527,241,1.0,95.35854545454544,1285.8254114702945,128.58254114702945,65.35854545454545,201.56971355312947,970.9854656563352,97.09854656563353,239,ok,,477.8211116790772,477.8211116790772,482.7067852020264,3311.5150928497314,False
prefill_token_power_modeling_1777904889,2560,2560,2,generated,1777906077.4323354,1777906081.4573069,4024.97148513794,402.4019956588745,block,10,10,0,2,10,30,272.4466633909203,289.787,293.015,293.893,126.551,271.647039800995,289.787,293.015,201,1.0,95.35854545454544,1096.590051369429,109.6590051369429,65.35854545454545,207.08811793637489,833.5237696047916,83.35237696047916,199,ok,,399.0905284881592,399.0905284881592,403.531551361084,2843.7647819519043,False
prefill_token_power_modeling_1777904889,96,96,3,generated,1777906083.9473565,1777906086.9678886,3020.5321311950684,73.63970686749714,block,41,41,0,2,30,100,188.30413635621676,228.41,228.882,229.0,62.14,209.6642480620155,228.41,228.882,129,0.8486842105263158,95.35854545454544,568.77869430089,13.872651080509511,65.35854545454545,122.94559090167128,371.3611077072621,9.057587992860052,150,ok,,77.2705078125,73.25172424316406,77.2705078125,76.98464393615723,False
prefill_token_power_modeling_1777904889,16,16,2,generated,1777906089.4044476,1777906092.4706855,3066.2379264831543,71.27697523250136,block,43,43,0,2,30,100,166.46645000915194,208.07,208.248,208.372,64.614,185.27748837209305,208.07,208.248,129,0.8376623376623377,95.35854545454544,510.4257425050737,11.870366104769156,65.35854545454545,101.10790455460648,310.0208916125732,7.209788177036587,152,ok,,75.27399063110352,71.0444450378418,75.27399063110352,30.216455459594727,False
prefill_token_power_modeling_1777904889,6000,6000,1,generated,1777906098.0927494,1777906101.8239956,3731.24623298645,932.6632618904114,block,4,4,0,2,3,5,285.1049580626008,284.482,287.11,287.11,283.688,285.10851336898395,284.482,287.11,187,1.0,95.35854545454544,1063.796800776839,265.94920019420977,65.35854545454545,219.74641260805535,819.9279742560927,204.9819935640232,185,ok,,921.0426807403564,921.0426807403564,936.8774890899658,1514.599084854126,False
prefill_token_power_modeling_1777904889,896,896,1,generated,1777906104.527052,1777906107.639639,3112.586975097656,172.87499374813504,block,18,18,0,2,10,30,237.38196926094835,273.899,275.091,275.091,76.727,257.6077898550725,273.899,275.091,138,0.8846153846153846,95.35854545454544,738.8720256446601,41.04844586914778,65.35854545454545,172.0234238064029,535.4378683515138,29.74654824175077,154,ok,,173.06065559387207,172.41835594177246,173.64263534545898,101.55153274536131,False
prefill_token_power_modeling_1777904889,768,768,1,generated,1777906110.3200924,1777906113.4684455,3148.353099822998,157.37247467041016,block,20,20,0,2,10,30,228.5019780344033,275.714,277.272,277.272,58.998,258.82974615384614,275.714,277.272,130,0.8227848101265823,95.35854545454544,719.4049108603001,35.970245543015004,65.35854545454545,163.1434325798578,513.6331316785596,25.681656583927985,156,ok,,156.98790550231934,156.6615104675293,158.4789752960205,95.3974723815918,False
prefill_token_power_modeling_1777904889,256,256,2,generated,1777906116.0092623,1777906119.03307,3023.8077640533447,86.35807037353516,block,35,35,0,2,30,100,201.9073160670986,254.044,254.416,254.644,58.65,221.85440151515152,254.044,254.644,132,0.8741721854304636,95.35854545454544,610.5289099428654,17.443683141224728,65.35854545454545,136.54877061255314,412.8972327501775,11.797063792862213,149,ok,,89.79940414428711,85.82878112792969,89.79940414428711,103.96504402160645,False
