batch_size,target_output_tokens,count,request_count,avg_generated_tokens,std_generated_tokens,avg_power_w,std_power_w,peak_power_w,avg_energy_j,std_energy_j,avg_dynamic_power_w,std_dynamic_power_w,avg_dynamic_energy_j,std_dynamic_energy_j,avg_context_total_tokens,avg_approx_kv_pressure,avg_normalized_kv_blocks,avg_idle_baseline_w,enable_chunked_prefill,max_num_batched_tokens,max_num_seqs,queue_seed,sampling_seed,scheduler_signature,avg_ttft_ms,mean_ttft_ms,p50_ttft_ms,p95_ttft_ms,p99_ttft_ms,std_ttft_ms,avg_tbt_ms,mean_tbt_ms,p50_tbt_ms,p95_tbt_ms,p99_tbt_ms,std_tbt_ms,avg_e2e_ms,mean_e2e_ms,p50_e2e_ms,p95_e2e_ms,p99_e2e_ms,std_e2e_ms
1,10,5,5,10.0,0.0,109.85952394766154,6.643254010678894,139.5272,65.83951689202786,3.9770568137051017,52.78919061432822,6.643254010678896,31.636792440549538,3.9788393402249,11.0,6.0,1.0,57.07033333333332,True,2048,64,20260329,20260329,cp1_mbt2048_mns64,88.72151277028024,88.72151277028024,89.09420599229634,90.78358497936279,91.12086019013077,1.7365008608119885,66.58985413507455,66.58985413507455,66.59494900506817,66.65677546471771,66.65813446924504,0.07100173016309864,688.0301999859512,688.0301999859512,688.1438529817387,690.6939635751769,691.0439502960071,2.1791325369093517
1,20,5,5,20.0,0.0,143.70686390685384,1.9815960451183154,210.58559999999997,182.03222544229033,2.501225647071077,86.63653057352053,1.9815960451183117,109.74168427266281,2.5044678590145932,21.0,11.0,2.0,57.07033333333332,True,2048,64,20260329,20260329,cp1_mbt2048_mns64,88.28657839912921,88.28657839912921,88.21273106150329,88.60197418835014,88.6637052288279,0.23153603303477582,66.66803518922902,66.66803518922902,66.67867673585485,66.69211295727445,66.69244238077417,0.036890118050325965,1354.9792469944805,1354.9792469944805,1354.9880989594385,1355.403876164928,1355.4105111863464,0.5095938546968203
1,40,5,5,40.0,0.0,188.67629764625153,1.5800775616324374,232.199,490.81166062921363,4.114820611083557,131.60596431291822,1.580077561632447,342.3521886481332,4.113411760148543,41.0,21.0,3.0,57.07033333333332,True,2048,64,20260329,20260329,cp1_mbt2048_mns64,88.64042856730521,88.64042856730521,88.69509096257389,89.73839180544019,89.85906317830086,0.9686312103653916,66.70109663719838,66.70109663719838,66.69920553954748,66.71033811468918,66.71131632195261,0.007340455213083909,2689.9831974180415,2689.9831974180415,2690.2293720049784,2690.8703226363286,2690.9551941556856,0.9036598024461919
1,50,5,5,50.0,0.0,196.71092638254856,1.4189466612815076,232.2832,642.897983533597,4.693970170339951,139.64059304921525,1.4189466612815258,456.37868638904104,4.677644316912756,51.0,26.0,4.0,57.07033333333332,True,2048,64,20260329,20260329,cp1_mbt2048_mns64,88.70969780255109,88.70969780255109,88.57876795809716,89.7763938177377,89.88763556815684,0.9527437672954705,66.69869606468674,66.69869606468674,66.69493097982996,66.70755088871003,66.70905078105554,0.006437476185480186,3356.9458049722016,3356.9458049722016,3357.256606104784,3357.841777196154,3357.9420066531748,0.9718537195191694
1,75,5,5,75.0,0.0,208.87536212840604,0.814883519021254,232.3318,1030.9698827349664,3.925581542413163,151.80502879507273,0.8148835190212838,749.2812644975187,3.951755760652522,76.0,38.5,5.0,57.07033333333332,True,2048,64,20260329,20260329,cp1_mbt2048_mns64,88.8193882536143,88.8193882536143,88.5093390243128,90.70496845524758,91.06809213291854,1.4082929793145207,66.70021099680278,66.70021099680278,66.69933955355019,66.7097318533657,66.71107368908721,0.007883013636215934,5024.635002017021,5024.635002017021,5024.260465987027,5026.852766191587,5027.116594025865,1.7432219273112262
1,100,5,5,100.0,0.0,214.22430840057564,0.9724722436086777,232.26279999999997,1414.6512936241872,6.485082722616973,157.1539750672423,0.9724722436086914,1037.7817941028839,6.468045891288735,101.0,51.0,7.0,57.07033333333332,True,2048,64,20260329,20260329,cp1_mbt2048_mns64,88.2675716187805,88.2675716187805,88.38096505496651,89.27144659683108,89.44906851276755,0.8051800470236886,66.70300995747587,66.70300995747587,66.70366848508517,66.70795896730263,66.70820576477456,0.005519470999333116,6691.865557408892,6691.865557408892,6691.558548016474,6693.298391369171,6693.549240627326,1.059307529899313
1,150,5,5,150.0,0.0,221.2602022220286,0.2727660588227043,232.743,2199.845456519223,2.354457171145261,164.18986888869526,0.27276605882268595,1632.4323663418297,2.441105158541547,151.0,76.0,10.0,57.07033333333332,True,2048,64,20260329,20260329,cp1_mbt2048_mns64,89.07857637386769,89.07857637386769,89.33702495414764,89.8884177673608,89.90878111682832,0.9144667559050715,66.72716725636398,66.72716725636398,66.72131279858466,66.74400362976822,66.74403725763871,0.01575339554691475,10031.426497572102,10031.426497572102,10030.812631943263,10034.327678196132,10034.686876423657,2.34242251364231
1,200,5,5,200.0,0.0,224.16956897690858,0.3795323531716108,232.91800000000003,2976.1928842052343,5.096743752175257,167.09923564357524,0.3795323531716282,2218.4971975418925,5.082003665968915,201.0,101.0,13.0,57.07033333333332,True,2048,64,20260329,20260329,cp1_mbt2048_mns64,88.54409498162568,88.54409498162568,88.34187500178814,89.76608363445848,90.02900717314333,0.9111482893620162,66.71620494681386,66.71620494681386,66.71638859332955,66.71780476395752,66.71801899913136,0.0013619513480314796,13365.068879397586,13365.068879397586,13365.010485984383,13366.032138443552,13366.23600692954,0.7926161081924121
1,300,5,5,300.0,0.0,225.68083714523627,1.3755390453710876,232.42200000000003,4495.644734279035,32.58011164574735,168.61050381190293,1.3755390453710985,3358.788080401522,31.103589073892817,301.0,151.0,19.0,57.07033333333332,True,2048,64,20260329,20260329,cp1_mbt2048_mns64,88.95615919027478,88.95615919027478,89.18563497718424,90.0992500130087,90.22279401309787,1.0491627432310529,66.62298982073693,66.62298982073693,66.71622069902955,66.7215600443138,66.72175985648855,0.13230091583238696,20009.230115590617,20009.230115590617,20037.33562398702,20039.23590364866,20039.6083119791,39.60787069710611
2,10,5,10,10.0,0.0,108.85900012640528,7.378234525242996,144.1844,69.89210086038281,7.750083057274919,51.44755568196084,7.378234525242993,33.10577926414711,6.026794678988763,22.0,12.0,1.0,57.41144444444444,True,2048,64,20260329,20260329,cp1_mbt2048_mns64,110.63432060182095,110.63432060182095,90.73031699517742,157.94825406046584,159.05025078216568,32.210826598228245,66.72606108865389,66.72606108865389,66.71268672087334,66.96356486580852,67.0279098679829,0.15076276327673646,711.1688703997061,711.1688703997061,692.867380566895,757.7377808338497,758.767257706495,31.42342939641157
2,20,5,10,20.0,0.0,144.03950185629373,3.3986547729611862,210.4022,186.61176164349507,9.040610962084648,86.62805741184926,3.3986547729611907,112.26344120382262,7.1392676472395715,42.0,22.0,2.0,57.41144444444444,True,2048,64,20260329,20260329,cp1_mbt2048_mns64,104.37887941952795,104.37887941952795,91.1224020528607,157.77331916615367,158.69940547272563,28.0866188957299,66.74037092046714,66.74037092046714,66.73587223600694,66.82482021462516,66.83457132594317,0.06457370807255046,1372.4459269084036,1372.4459269084036,1359.9337195046246,1424.2818207712844,1424.8509570257738,27.29695836448929
2,40,5,10,40.0,0.0,186.17200895051545,1.507468697834181,230.46180000000004,489.6797847398281,9.425047622952652,128.76056450607103,1.5074686978341894,338.6798251321369,7.509833427852764,82.0,42.0,3.0,57.41144444444444,True,2048,64,20260329,20260329,cp1_mbt2048_mns64,104.13077999837697,104.13077999837697,91.04236349230632,157.90373944910243,158.9215847128071,28.285935587425172,66.74268680523173,66.74268680523173,66.76569582076553,66.81456256162328,66.81765115754202,0.08533992287588112,2707.0955654024146,2707.0955654024146,2696.105261973571,2761.472102557309,2762.5534741813317,28.852221770353815
2,50,5,10,50.0,0.0,193.59671938764123,5.598188566523692,230.5458,639.0679285587199,22.781833563028755,136.18527494319682,5.5981885665236915,449.5759556924867,21.359665790376127,102.0,52.0,4.0,57.41144444444444,True,2048,64,20260329,20260329,cp1_mbt2048_mns64,104.04718030476943,104.04718030476943,91.00542904343456,156.88684663618915,157.0554389373865,27.854761117581162,66.79806498601576,66.79806498601576,66.78661014243238,66.84035217396593,66.8428903211583,0.026585908581181483,3377.152364619542,3377.152364619542,3364.5275000017136,3429.2707485554274,3429.403797731502,27.514321436237417
2,75,5,10,75.0,0.0,207.469180642058,0.7857559557254808,230.68040000000002,1032.5132800580977,10.931733116634824,150.05773619761356,0.7857559557254756,746.798328817521,8.894272208971145,152.0,77.0,5.0,57.41144444444444,True,2048,64,20260329,20260329,cp1_mbt2048_mns64,110.77595892129466,110.77595892129466,92.04414754640311,157.06877578631975,157.46909041074105,31.77673645647732,66.7065646242967,66.7065646242967,66.77585526375805,66.80191160341712,66.81087863422313,0.10474331702435112,5047.061741119251,5047.061741119251,5033.933767990675,5098.465589649277,5098.747279556701,32.727939257389394
2,100,5,10,100.0,0.0,210.05754311434913,4.3109254423006895,228.96599999999998,1387.9555765634536,31.692659816804895,152.6460986699047,4.310925442300726,1008.6186075209513,30.543122730168687,202.0,102.0,7.0,57.41144444444444,True,2048,64,20260329,20260329,cp1_mbt2048_mns64,97.97617580043152,97.97617580043152,90.44872649246827,129.49927925947117,152.03057263395752,21.058876357886888,66.59659175249287,66.59659175249287,66.5857842523661,66.80538666380494,66.81067515110522,0.21155056480207043,6691.038759297226,6691.038759297226,6682.321133499499,6740.048716985621,6763.116757054813,32.950743289602016
2,150,5,10,150.0,0.0,219.4027069696076,0.6243351010134247,230.86099999999996,2188.038105111193,10.026591274954946,161.99126252516314,0.6243351010134124,1615.4919471614965,8.779254280337932,302.0,152.0,10.0,57.41144444444444,True,2048,64,20260329,20260329,cp1_mbt2048_mns64,103.57434632023796,103.57434632023796,90.3966695186682,156.62629775470123,156.82865877402946,27.94852150392997,66.7467190859833,66.7467190859833,66.78840993308219,66.80600198427992,66.80610757544575,0.09932864858002484,10048.83549013175,10048.83549013175,10043.122826027684,10092.046250851126,10104.554298199948,25.83463324584931
2,200,5,10,200.0,0.0,221.7632180512925,1.681205133389591,231.14539999999997,2959.8073598169335,27.028316482817722,164.3517736068481,1.6812051333895945,2193.556629442736,25.368829501957595,402.0,202.0,13.0,57.41144444444444,True,2048,64,20260329,20260329,cp1_mbt2048_mns64,116.88900130102411,116.88900130102411,91.25630150083452,192.63764009228902,216.1134639836382,46.03272732643781,66.79881963517339,66.79881963517339,66.79908987444746,66.80797740036677,66.80854595244053,0.00730772443109086,13409.854108700529,13409.854108700529,13385.210833046585,13485.484286374412,13508.16267322283,45.678718805886625
2,300,5,10,300.0,0.0,225.1533956678154,0.48131061762101496,231.321,4488.405152975461,16.029614187368125,167.74195122337093,0.48131061762101784,3343.917201353562,14.182653330236114,602.0,302.0,19.0,57.41144444444444,True,2048,64,20260329,20260329,cp1_mbt2048_mns64,91.17128060897812,91.17128060897812,91.21409401996061,91.41242555342615,91.41564034856856,0.2236012678345838,66.6669797585237,66.6669797585237,66.58095512212095,66.81151955180573,66.81445800793516,0.11913066924281515,20024.598228407558,20024.598228407558,19998.98499652045,20068.056771543343,20068.93858472118,35.776313043448894
4,10,5,20,10.0,0.0,111.3623601569969,6.348487233906932,140.6658,82.53693296353818,4.849979672046638,54.29202682366356,6.348487233906923,40.242333363366136,4.770479959627622,44.0,24.0,1.0,57.07033333333332,True,2048,64,20260329,20260329,cp1_mbt2048_mns64,166.7874320584815,166.7874320584815,192.38152750767767,228.9504678978119,229.10483675193973,64.61771036743157,67.4505353510742,67.4505353510742,67.45714984006352,67.8215361361961,67.83769415807912,0.19201606321799267,773.8422502181493,773.8422502181493,799.8252855031751,835.6036274402868,835.7058390171733,64.43378679082912
4,20,5,20,20.0,0.0,148.0189326967708,3.3386864068628763,213.7856,204.18621130158903,9.62267901152844,90.94859936343745,3.33868640686287,125.4930115598917,7.671704762916849,84.0,44.0,2.0,57.07033333333332,True,2048,64,20260329,20260329,cp1_mbt2048_mns64,147.81444538966753,147.81444538966753,159.77838647086173,225.805116770789,226.0975616890937,51.03624405788075,67.56111893459762,67.56111893459762,67.5376629469132,67.68360170658285,67.76939966838415,0.0915532473695007,1431.4757051470224,1431.4757051470224,1443.259894498624,1508.7499495071825,1508.9597322500776,50.51139660666894
4,40,5,20,40.0,0.0,188.8375430961611,0.9933170603148411,229.48999999999995,522.3389743606805,3.4530873056926845,131.76720976282778,0.9933170603148493,364.4789825906991,3.23707099246794,164.0,84.0,3.0,57.07033333333332,True,2048,64,20260329,20260329,cp1_mbt2048_mns64,168.75455480767414,168.75455480767414,159.1243805596605,227.08985331119038,227.13057944667526,58.563579970596,67.47107579617594,67.47107579617594,67.50451672959548,67.58925259002866,67.62503962483234,0.10242881388791301,2800.1265108585358,2800.1265108585358,2795.4984755488113,2860.8971054840367,2862.603253092384,58.455752185427635
4,50,5,20,50.0,0.0,197.27760926204704,2.9492254995459755,229.18900000000002,674.726242358446,12.032438301154311,140.20727592871373,2.9492254995459724,479.5342303384303,11.027751116326746,204.0,104.0,4.0,57.07033333333332,True,2048,64,20260329,20260329,cp1_mbt2048_mns64,156.0212503944058,156.0212503944058,159.78609095327556,224.1721210128162,226.77437702310274,53.950788032400915,67.5803573044226,67.5803573044226,67.56897905142978,67.65392128739278,67.65444184197302,0.03917946306168034,3467.4587583111133,3467.4587583111133,3471.3963435497135,3537.112058926141,3538.436298229499,54.12236422536398
4,75,5,20,75.0,0.0,207.70006790369834,3.207129619302297,229.2346,1062.7308104752242,10.42565969164681,150.62973457036503,3.2071296193022887,770.6992148181937,11.874325298407419,304.0,154.0,5.0,57.07033333333332,True,2048,64,20260329,20260329,cp1_mbt2048_mns64,156.53210121090524,156.53210121090524,160.46584455762058,226.3777811487671,228.74948431621303,55.04780877393136,67.51244189587383,67.51244189587383,67.5481972835228,67.59277451044024,67.5934264157282,0.08617391969870031,5152.452801505569,5152.452801505569,5152.680969040375,5225.944455165882,5226.281305479351,55.51459568912382
4,100,5,20,100.0,0.0,212.6899221082161,0.45282208314704986,229.43540000000002,1447.8266531553068,8.05602039254428,155.61958877488277,0.4528220831470278,1059.3378718071262,6.5503667397749705,404.0,204.0,7.0,57.07033333333332,True,2048,64,20260329,20260329,cp1_mbt2048_mns64,167.6893860916607,167.6893860916607,160.288640006911,226.10071698436514,226.40410899417475,53.7854022809134,67.55095014002907,67.55095014002907,67.57346679329532,67.60763620900113,67.61130073703967,0.07551105013646248,6855.2334499545395,6855.2334499545395,6851.100447005592,6915.944342798321,6915.949370957678,56.757859774280256
4,150,5,20,150.0,0.0,218.73729768230766,1.348918979940261,229.65,2224.257544576646,6.242456037907662,161.66696434897432,1.3489189799402426,1643.9186342381486,7.524102269969866,604.0,304.0,10.0,57.07033333333332,True,2048,64,20260329,20260329,cp1_mbt2048_mns64,157.85029894905165,157.85029894905165,162.0948929921724,226.27626215689816,226.61376603995447,53.70353275088248,67.52970183351007,67.52970183351007,67.56932317433979,67.60377301643103,67.60640327442881,0.08948232589728734,10219.775872142054,10219.775872142054,10229.051200440153,10294.807599886553,10296.251050388673,59.42546282911578
4,200,5,20,200.0,0.0,221.10024219051198,0.3518747880694444,229.75500000000002,3001.421234976815,5.930969573706824,164.02990885717864,0.35187478806944844,2226.694926945574,5.293702836409506,804.0,404.0,13.0,57.07033333333332,True,2048,64,20260329,20260329,cp1_mbt2048_mns64,165.57981693767942,165.57981693767942,192.23085447447374,227.47971538337876,229.4544902665075,64.41530594103703,67.53880460325384,67.53880460325384,67.58132154015524,67.59863238300234,67.60270814072626,0.09403305063664145,13605.801932985196,13605.801932985196,13617.7662750124,13676.286071311915,13676.403207845287,67.90517138265612
4,300,5,20,300.0,0.0,224.2373771943904,0.5811753232268057,230.10519999999997,4558.868997744419,14.892054740801129,167.1670438610571,0.5811753232268123,3398.5985839951545,13.861158159902057,1204.0,604.0,19.0,57.07033333333332,True,2048,64,20260329,20260329,cp1_mbt2048_mns64,166.00338110583834,166.00338110583834,161.58304852433503,226.9655904674437,227.06597803044136,60.94086232744873,67.58747035199481,67.58747035199481,67.58791783783292,67.59812731274799,67.60198920835153,0.00743769139590583,20374.657016352285,20374.657016352285,20370.696950005367,20436.980491434224,20438.00666628871,61.02373409650969
6,10,5,30,10.0,0.0,119.79627340960901,22.146663340250367,164.506,87.65863419681959,14.705006665449263,62.38482896516458,22.14666334025038,45.541858820626885,14.755194755330251,66.0,36.0,1.0,57.41144444444444,True,2048,64,20260329,20260329,cp1_mbt2048_mns64,191.17694705103835,191.17694705103835,187.3502479866147,291.6217158490326,291.8465998535976,63.84979082777512,68.03760661234803,68.03760661234803,68.01007199747902,68.90747958807171,69.0323772743189,0.8511167887301657,803.5154065621706,803.5154065621706,801.7397089861333,907.5359938724432,910.549820701126,66.4315802050672
6,20,5,30,20.0,0.0,147.77841041662504,2.3538848992554984,227.65699999999998,207.02638512327673,7.989095960649253,90.3669659721806,2.3538848992555024,126.6179799370951,6.09903374460379,126.0,66.0,2.0,57.41144444444444,True,2048,64,20260329,20260329,cp1_mbt2048_mns64,162.66130711883307,162.66130711883307,166.81574645917863,230.75315011083148,234.4827865622938,50.776934267095164,67.88477571252243,67.88477571252243,67.86998144755336,68.17748381045499,68.24364572524485,0.1688931936235807,1452.4720456567593,1452.4720456567593,1457.7627955004573,1519.7353552328423,1522.5350376800634,50.905746486738806
6,40,5,30,40.0,0.0,186.37544841446086,1.69061214194299,227.4934,516.9635618428914,2.87823498666733,128.96400397001645,1.6906121419429991,357.7072851075592,2.560506456373804,246.0,126.0,3.0,57.41144444444444,True,2048,64,20260329,20260329,cp1_mbt2048_mns64,189.86684393991405,189.86684393991405,224.6184929390438,251.1062023928389,251.23898875783198,56.01503161159545,67.89625401739985,67.89625401739985,67.87817979392668,68.07462882746059,68.10761008745966,0.11300729597704597,2837.8207506185086,2837.8207506185086,2869.4119194406085,2901.710576430196,2904.466067510657,56.976041636251516
6,50,5,30,50.0,0.0,194.59909503229082,0.5752408936185295,227.5036,672.2009227866649,6.696195442810929,137.18765058784638,0.5752408936185324,473.8857543488819,4.974055001901504,306.0,156.0,4.0,57.41144444444444,True,2048,64,20260329,20260329,cp1_mbt2048_mns64,177.37969709948325,177.37969709948325,223.20965601829812,230.50196007243358,231.8453089124523,59.0405064053806,68.02276585791195,68.02276585791195,67.9114621538878,68.77365858158647,69.37245489150399,0.36885045293461644,3510.4952241371698,3510.4952241371698,3551.173586922232,3561.011730565224,3561.5028994879685,55.77030962182267
6,75,5,30,75.0,0.0,205.97767325910803,1.2750478731717867,228.29879999999997,1058.0333533821345,11.535392179325845,148.56622881466362,1.2750478731717976,763.1332970395802,9.661680978322833,456.0,231.0,5.0,57.41144444444444,True,2048,64,20260329,20260329,cp1_mbt2048_mns64,198.6266864114441,198.6266864114441,225.04514799220487,248.39043200481683,248.7276642222423,52.89746791502653,67.87758117923428,67.87758117923428,67.89406320879337,68.01912942555154,68.03956795062216,0.10871419706116993,5221.567693674781,5221.567693674781,5249.812081514392,5276.630196877522,5278.869446164463,58.48202906288788
6,100,5,30,100.0,0.0,211.87071962385886,0.8962088526096428,228.3594,1453.7832059828038,6.081968394108682,154.45927517941442,0.8962088526095899,1059.8457223968103,6.087858875045858,606.0,306.0,7.0,57.41144444444444,True,2048,64,20260329,20260329,cp1_mbt2048_mns64,183.07813898815462,183.07813898815462,224.56757799955085,231.35540237417445,231.78239107481207,61.616313160160736,67.9043027381836,67.9043027381836,67.89613164599157,67.97033725300513,68.0103288426398,0.03527082044860736,6905.6041100683315,6905.6041100683315,6947.865655529313,6955.386843398446,6957.57404719945,62.73055831855715
6,150,5,30,150.0,0.0,216.2273904860644,2.300079009587084,227.8674,2213.305786346007,27.689837749617396,158.81594604161995,2.3000790095870802,1625.6498233732232,26.48446545018034,906.0,456.0,10.0,57.41144444444444,True,2048,64,20260329,20260329,cp1_mbt2048_mns64,187.44756023709974,187.44756023709974,225.06044147303328,236.38021637452766,236.77278187009506,52.141592814078706,67.85571153064195,67.85571153064195,67.90421702336495,67.95557520966415,67.96218111164143,0.12765380461135764,10297.948578302749,10297.948578302749,10299.648610991426,10355.654363584472,10357.588513143128,53.60144614936281
6,200,5,30,200.0,0.0,219.97352880103682,0.6506209886774735,228.6828,3007.3756691616195,16.08289735346899,162.56208435659238,0.6506209886774735,2222.4771286431187,14.126801161948197,1206.0,606.0,13.0,57.41144444444444,True,2048,64,20260329,20260329,cp1_mbt2048_mns64,212.7427420190846,212.7427420190846,225.01388302771375,354.7619116201531,354.78394167847,83.06929503606878,67.91439213167168,67.91439213167168,67.92127451538833,67.96237717528275,67.9662338035572,0.058766688011101915,13727.706776221748,13727.706776221748,13743.301997543314,13875.744488328928,13878.7439292972,87.09725077687453
6,300,5,30,300.0,0.0,222.2157273667111,1.5257979600760996,228.8056,4537.126878902937,36.71960310322882,164.80428292226668,1.5257979600761058,3364.9261785917797,35.16641622435167,1806.0,906.0,19.0,57.41144444444444,True,2048,64,20260329,20260329,cp1_mbt2048_mns64,207.5387259440807,207.5387259440807,226.1874169926159,327.02625792007893,327.78455944615416,74.07676793479989,67.82202231159138,67.82202231159138,67.87993713713448,67.93671407706469,67.9429934598057,0.11222754998567099,20486.323397109907,20486.323397109907,20479.43592397496,20625.657633395167,20628.092962285737,89.59219443765772
8,10,5,40,10.0,0.0,113.15686213081958,6.446134868589034,142.93739999999997,85.80899535317421,4.7529794500146805,56.086528797486245,6.44613486858903,42.52727300596238,4.814253090370007,88.0,48.0,1.0,57.07033333333332,True,2048,64,20260329,20260329,cp1_mbt2048_mns64,200.74916209850926,200.74916209850926,225.67186650121585,245.3297400381416,246.94971372373402,47.30115579892077,68.4547296518253,68.4547296518253,68.26840861079594,69.7216949652001,69.9306033217969,0.6069888733428548,816.8417289649369,816.8417289649369,843.0392839363776,855.6023786833975,859.8523285437841,49.66119798821918
8,20,5,40,20.0,0.0,151.62031911471215,3.027057480504429,223.2368,218.211140725681,4.233297951485891,94.54998578137884,3.0270574805044306,136.0750450709549,4.273899675692289,168.0,88.0,2.0,57.07033333333332,True,2048,64,20260329,20260329,cp1_mbt2048_mns64,208.72273169807158,208.72273169807158,226.47988650714979,246.0695273708552,246.56548623228443,50.347977179375,68.15372705321735,68.15372705321735,68.0903569476581,68.69294805495117,68.74244668496479,0.2884384137476535,1503.6435457092011,1503.6435457092011,1521.8818155117333,1546.6539108136203,1548.1480463163462,52.708992946091506
8,40,5,40,40.0,0.0,188.15160300140033,2.0500984976354153,228.28740000000002,527.8967803078194,4.473856595855194,131.081269668067,2.0500984976354206,367.76759217332403,4.504795618516914,328.0,168.0,3.0,57.07033333333332,True,2048,64,20260329,20260329,cp1_mbt2048_mns64,201.18294944113586,201.18294944113586,227.59053547633812,241.62318562739517,295.8718472532928,56.502275140266775,68.00103179173162,68.00103179173162,67.97267760162075,68.22529928505014,68.26031016403785,0.120525049181916,2853.223189318669,2853.223189318669,2879.8146645422094,2900.1771166396793,2942.9910548299085,58.533311244087066
8,50,5,40,50.0,0.0,194.2523788190366,4.073489762657254,228.2114,674.5800516321898,14.311268572153647,137.1820454857033,4.073489762657243,476.392790867877,14.260189563764841,408.0,208.0,4.0,57.07033333333332,True,2048,64,20260329,20260329,cp1_mbt2048_mns64,190.8887983940076,190.8887983940076,228.38576149661097,234.21354785677977,234.83482700539753,55.31164411310657,67.97621594498419,67.97621594498419,67.97055274542726,68.08291456759528,68.13212451712722,0.06655558386865837,3521.7233796982327,3521.7233796982327,3557.7925120596774,3568.112782971002,3569.719452674035,56.66249825110537
8,75,5,40,75.0,0.0,204.49871338822868,3.0010956997396105,228.20880000000002,1056.6937305595873,14.54000958526735,147.42838005489534,3.0010956997396305,761.7943639326252,14.806972921770432,608.0,308.0,5.0,57.07033333333332,True,2048,64,20260329,20260329,cp1_mbt2048_mns64,213.93151234078687,213.93151234078687,232.49098198721185,293.992024398176,294.97526127146557,58.486094015575176,67.90056266209167,67.90056266209167,67.90430414194644,68.04623504836314,68.08524993915313,0.09834314309851093,5238.573149335571,5238.573149335571,5258.9619490318,5308.555790910032,5312.412834179122,58.2546398022803
8,100,5,40,100.0,0.0,211.2438341539705,1.1343737964516953,227.9288,1450.4220323448897,10.058387842916451,154.1735008206372,1.1343737964517027,1058.573733777404,9.421844303056016,808.0,408.0,7.0,57.07033333333332,True,2048,64,20260329,20260329,cp1_mbt2048_mns64,197.67252559249755,197.67252559249755,225.87664803722873,240.7813466037624,241.70738075627014,56.7985299568263,67.91346368022414,67.91346368022414,67.92827819196526,68.05654340699984,68.0746658625448,0.11260473677769059,6921.105429934687,6921.105429934687,6951.897930994164,6969.911533710547,6974.175751920557,61.33653460602022
8,150,5,40,150.0,0.0,217.00207606810545,0.6027465399291717,228.61039999999997,2226.543453226138,8.262819826439065,159.93174273477211,0.6027465399291569,1640.9757661928984,7.606268983221279,1208.0,608.0,10.0,57.07033333333332,True,2048,64,20260329,20260329,cp1_mbt2048_mns64,209.24054368806537,209.24054368806537,225.17076099757105,242.86139987525527,243.4336689708289,46.23891844557292,67.91169009116344,67.91169009116344,67.93278456085842,68.02114491740042,68.12740922978166,0.11280030437108539,10328.082367271418,10328.082367271418,10349.959061073605,10364.43573908764,10366.5403993323,48.36417381402807
8,200,5,40,200.0,0.0,220.35848088239504,0.5487841477342145,229.00119999999998,3010.2676014842027,8.438669855675444,163.2881475490617,0.5487841477342075,2230.643081616211,8.185172434626729,1608.0,808.0,13.0,57.07033333333332,True,2048,64,20260329,20260329,cp1_mbt2048_mns64,196.03479882935062,196.03479882935062,226.66422952897847,239.57399073988202,240.15609476715326,53.74287527936298,67.9441674703869,67.9441674703869,67.93993683947232,67.9882471700054,68.00471914629101,0.026947294096756835,13716.924125436344,13716.924125436344,13749.885653960519,13760.10638551088,13764.110614893725,56.511972098360644
8,300,5,40,300.0,0.0,222.81884518626816,0.24823712985813362,229.35159999999996,4561.294300444008,5.1813888939921835,165.74851185293483,0.2482371298581285,3393.015224238913,5.1059350255960965,2408.0,1208.0,19.0,57.07033333333332,True,2048,64,20260329,20260329,cp1_mbt2048_mns64,239.81290109804831,239.81290109804831,236.3436224986799,357.6116979995277,358.1915035133716,67.85928386739654,67.98809162165072,67.98809162165072,67.98535065564255,68.02219616517465,68.02675930334233,0.02190788117710222,20568.252295971615,20568.252295971615,20564.32892003795,20691.599621111527,20694.846440386027,71.39529665872804
12,10,5,60,10.0,0.0,111.39431765698036,2.900966976136623,154.8784,84.91455314030647,2.876856999537072,53.98287321253592,2.900966976136626,41.14622743904856,2.3128961731265494,132.0,72.0,1.0,57.41144444444444,True,2048,64,20260329,20260329,cp1_mbt2048_mns64,212.73372915457003,212.73372915457003,227.51192649593577,232.23308853921483,232.86717763985507,38.918274196863194,68.96380692875634,68.96380692875634,68.89064283394772,70.63430823489196,71.09456056030467,1.1041694558568815,833.407991513377,833.407991513377,848.0938079883344,863.1679787184112,865.2944458753336,44.61886897560985
12,20,5,60,20.0,0.0,149.31539253855667,12.348940913469042,220.414,216.2339239270902,17.59052883274145,91.90394809411224,12.348940913469038,133.0819242021193,17.690201457381967,252.0,132.0,2.0,57.41144444444444,True,2048,64,20260329,20260329,cp1_mbt2048_mns64,230.20567339262925,230.20567339262925,229.27376796724275,322.63788988930173,323.258303682087,54.64323978461011,68.49543409904042,68.49543409904042,68.46974126528949,69.3549369875415,69.53658913329588,0.500835958377849,1531.6189212743968,1531.6189212743968,1532.1959345019422,1634.5198175462424,1641.8530632101465,59.87779614407128
12,40,5,60,40.0,0.0,190.57752179724463,6.115047184150626,229.76680000000002,535.1366926621438,15.149587344730847,133.1660773528002,6.115047184150587,373.9118005495178,15.732265595959754,492.0,252.0,3.0,57.41144444444444,True,2048,64,20260329,20260329,cp1_mbt2048_mns64,211.00199286011048,211.00199286011048,228.42992702499032,232.76240595732813,234.78986829402857,42.29581103198407,68.25879760371107,68.25879760371107,68.27176374365361,68.62691246220867,68.66088841552249,0.2423098054203756,2873.095099404842,2873.095099404842,2891.0006794612855,2905.572549079079,2906.8702772725374,47.73028435763969
12,50,5,60,50.0,0.0,197.03216101958537,1.442045603066126,229.99719999999996,685.2509350189684,8.375228506114873,139.62071657514093,1.4420456030661324,485.5867419625388,7.335104125560297,612.0,312.0,4.0,57.41144444444444,True,2048,64,20260329,20260329,cp1_mbt2048_mns64,208.92132023970285,208.92132023970285,224.31208199122918,236.64323387201875,237.19745507463807,41.91738514242024,68.12811647066657,68.12811647066657,68.148563827426,68.50805381605191,68.56251248545773,0.27013343891404623,3547.1990273023644,3547.1990273023644,3566.6114345076494,3581.3002561684702,3583.4124034957495,49.978928478947246
12,75,5,60,75.0,0.0,207.46730431395954,0.5628028208020105,229.8484,1076.7485960624158,3.7716428750803694,150.05585986951507,0.5628028208020197,778.7852520414823,3.4478798233347154,912.0,462.0,5.0,57.41144444444444,True,2048,64,20260329,20260329,cp1_mbt2048_mns64,211.36537202595113,211.36537202595113,226.6096510575153,230.73481981991785,232.21557079115883,41.84536351703069,68.11592515035184,68.11592515035184,68.11307331097211,68.36749110410204,68.38909909442205,0.1633526556812218,5251.943833151988,5251.943833151988,5268.12638703268,5284.741154918447,5287.338586059632,47.85224077902812
12,100,5,60,100.0,0.0,213.33465742990262,1.3348455515846196,230.3014,1468.1548537761773,5.388149908410542,155.9232129854582,1.3348455515845947,1073.0455826881705,5.870491864309349,1212.0,612.0,7.0,57.41144444444444,True,2048,64,20260329,20260329,cp1_mbt2048_mns64,209.49524057602198,209.49524057602198,228.25759102124718,234.48191823554225,235.41798690101132,41.63475045329959,68.15311079574373,68.15311079574373,68.15669322245274,68.29426239692661,68.31444214080517,0.13552253036053352,6956.653209354651,6956.653209354651,6976.366746530402,6990.727828309173,6991.836960554356,48.070723491137116
12,150,5,60,150.0,0.0,219.46341649890806,0.47335175481226793,230.8306,2260.5234895263384,4.283247514477314,162.05197205446362,0.47335175481226377,1669.1717239494087,4.216571269654446,1812.0,912.0,10.0,57.41144444444444,True,2048,64,20260329,20260329,cp1_mbt2048_mns64,216.06797273658836,216.06797273658836,230.58261198457333,246.99383629485965,247.5442995794583,46.85820543167218,68.1276955339569,68.1276955339569,68.13630605336816,68.26957680676414,68.2918570610779,0.10243313058003123,10367.094607296167,10367.094607296167,10387.531763524748,10416.938237549039,10420.124717875151,53.38219919388421
12,200,5,60,200.0,0.0,221.94741554325483,0.3095852841494791,230.97439999999997,3042.4166721954048,6.234158897369037,164.5359710988104,0.30958528414947273,2255.430644623133,5.477474995236483,2412.0,1212.0,13.0,57.41144444444444,True,2048,64,20260329,20260329,cp1_mbt2048_mns64,215.0014196561339,215.0014196561339,229.0179284173064,240.54006658843718,243.0329993239138,40.60284174383382,68.17445572748605,68.17445572748605,68.17432485717401,68.24926352578838,68.2600023266953,0.05690801113647296,13781.718109425856,13781.718109425856,13798.304656462278,13812.964696245035,13815.703199595446,46.63284333271062
12,300,5,60,300.0,0.0,224.90913315226058,0.4818771106715519,231.01260000000002,4620.052507854198,9.570259907893348,167.49768870781614,0.48187711067154204,3440.714354808167,9.65081350000556,3612.0,1812.0,19.0,57.41144444444444,True,2048,64,20260329,20260329,cp1_mbt2048_mns64,206.952981891421,206.952981891421,226.66429600212723,230.32650692039172,231.70197803992778,43.85260734379364,68.20412641423603,68.20412641423603,68.20230535796087,68.24461666284671,68.25088781359555,0.024276421084425345,20599.986779747996,20599.986779747996,20619.22016052995,20632.860101026024,20635.202814327786,47.89590322615659
16,10,10,160,10.0,0.0,115.34688737690105,12.49453623559435,150.866,90.04184146893131,9.829995249392198,58.10599848801216,12.496106299613272,45.362330848679015,9.780547835296401,176.0,96.0,1.0,57.24088888888889,True,2048,64,20260329,20260329,cp1_mbt2048_mns64,223.32946214664844,223.32946214664844,228.2658714684658,331.8683877470903,336.20419688289985,44.6377462713683,69.66320557872272,69.66320557872272,69.55219505794554,71.50409791178795,72.38033458215392,1.1687137940121397,850.298312355153,850.298312355153,856.5422319807112,948.1504269293508,970.778470397927,49.16211962477018
16,20,10,160,20.0,0.0,153.55935831940025,3.9075639555950494,228.23610000000002,224.82242977301894,6.202691337207775,96.31846943051134,4.006666375722689,141.0166231921231,6.034025322641536,336.0,176.0,2.0,57.24088888888889,True,2048,64,20260329,20260329,cp1_mbt2048_mns64,236.72367230174132,236.72367230174132,231.65753291686997,366.8737903586589,371.764865902951,56.162108285597895,68.83174037510273,68.83174037510273,68.77537686867933,70.02105297379833,70.25749039609525,0.6830648611636817,1544.526739428693,1544.526739428693,1543.278951488901,1662.7082206890918,1685.1086630055215,61.05366837425774
16,40,10,160,40.0,0.0,188.04073134505995,2.2396277029689218,230.02130000000002,532.5646505132438,7.949111144186451,130.79984245617104,2.344532540051611,370.45205408147456,7.630517107965029,656.0,336.0,3.0,57.24088888888889,True,2048,64,20260329,20260329,cp1_mbt2048_mns64,218.32409092166927,218.32409092166927,228.4312594565563,298.2175015145913,300.5489787075203,48.25771543442814,68.46632043721351,68.46632043721351,68.4193181924713,68.99591161084409,69.09108682926625,0.30029505361198355,2888.5105879729963,2888.5105879729963,2900.1795084914193,2967.8300847881474,2985.444562669145,54.36770565464412
16,50,10,160,50.0,0.0,196.8757362045082,1.4580859494970277,230.1056,689.0408897606637,5.054947857525294,139.63484731561928,1.4253574027543068,488.70210408691037,4.6592988711459835,816.0,416.0,4.0,57.24088888888889,True,2048,64,20260329,20260329,cp1_mbt2048_mns64,225.65113491073134,225.65113491073134,228.88072847854346,318.03679613512935,320.140625910135,44.50007225640086,68.3355735988494,68.3355735988494,68.30907776495633,68.79327320232417,68.95508371143868,0.28828376605201805,3574.094241254352,3574.094241254352,3580.5769945145585,3664.4493966537984,3681.300095554907,50.24804407853492
16,75,10,160,75.0,0.0,207.1834349364254,2.618621698754502,230.4241,1078.9789414477902,13.534392214231007,149.94254604753658,2.5508878392671437,780.8770941117682,13.214563557548026,1216.0,616.0,5.0,57.24088888888889,True,2048,64,20260329,20260329,cp1_mbt2048_mns64,219.93712826661067,219.93712826661067,229.14103697985408,304.8286630422808,307.4039852397982,46.359942811404714,68.27631693149917,68.27631693149917,68.26565414824447,68.53087937862084,68.58684812631533,0.16514753289564374,5272.384581197548,5272.384581197548,5282.184749958105,5355.142074084142,5373.403803028632,52.08977976108432
16,100,10,160,100.0,0.0,213.0654469499888,2.3796124343401663,229.9478,1471.576130847001,17.763427536951408,155.82455806109994,2.3535957526123523,1076.234496686562,17.195639151919618,1616.0,816.0,7.0,57.24088888888889,True,2048,64,20260329,20260329,cp1_mbt2048_mns64,214.2316444471362,214.2316444471362,230.12786603067067,235.8474201289937,239.8476451879833,40.52026256880412,68.20523498352466,68.20523498352466,68.1952334143165,68.42008535497389,68.46504158922471,0.14095628473404034,6966.549907816079,6966.549907816079,6982.616118504666,7005.082398373634,7010.420244025299,46.552088842792074
16,150,10,160,150.0,0.0,219.1654238532561,0.6488928850777474,230.6531,2263.4119023807802,6.360109010302373,161.9245349643672,0.7192893714838245,1672.2612939823455,7.185232134663194,2416.0,1216.0,10.0,57.24088888888889,True,2048,64,20260329,20260329,cp1_mbt2048_mns64,231.6283069565543,231.6283069565543,230.99169600754976,309.09255741280504,311.7363875405863,47.988611990518436,68.2543479073111,68.2543479073111,68.2499019832244,68.36782330010342,68.39524381047885,0.07779732382099297,10401.526145145908,10401.526145145908,10406.063690024894,10477.197807194898,10493.95935888053,53.52179023408185
16,200,10,160,200.0,0.0,221.7727219336313,0.5297889389316605,230.79379999999998,3046.2000632153054,8.93673476289775,164.53183304474237,0.6132680158568422,2259.9587554769028,9.646973484931298,3216.0,1616.0,13.0,57.24088888888889,True,2048,64,20260329,20260329,cp1_mbt2048_mns64,216.23684955775389,216.23684955775389,229.50181999476627,237.44570535491218,239.53537669382058,39.22363941102872,68.2468676879644,68.2468676879644,68.25469702279813,68.36917547262787,68.38953530559803,0.09120527071077027,13797.36351946267,13797.36351946267,13814.188610529527,13837.877253186889,13843.348482167348,47.266441468182705
16,300,10,160,300.0,0.0,224.8777169882033,0.7328962886931504,231.14569999999998,4620.182565792029,21.001418042921546,167.6368280993144,0.8217273801926532,3444.15440502009,20.777696033178607,4816.0,2416.0,19.0,57.24088888888889,True,2048,64,20260329,20260329,cp1_mbt2048_mns64,224.14614415392862,224.14614415392862,229.4457060052082,279.9539750732947,296.4310198801104,39.59823891012445,68.20797198899076,68.20797198899076,68.25910443455655,68.35289834038804,68.37451544201335,0.1217291316831345,20618.329768862168,20618.329768862168,20637.032917526085,20710.286738624563,20720.896978513338,60.57725736753875
24,10,5,120,10.0,0.0,111.80587871712353,7.365812747687697,147.0616,90.78604555644989,8.038230395734406,54.394434272679085,7.36581274768769,44.21804028955036,6.864249295156199,264.0,144.0,1.0,57.41144444444444,True,2048,64,20260329,20260329,cp1_mbt2048_mns64,228.28529789500558,228.28529789500558,233.6915449704975,247.85186342196533,248.87155736563727,29.670857883643436,71.68748472726696,71.68748472726696,71.14466238999739,77.89166278089397,79.26880205632186,3.0308577560217547,873.4726604404083,873.4726604404083,875.7173335761763,944.4444981985725,957.3087635764388,45.01421695754889
24,20,4,96,20.0,0.0,154.014609128631,3.345739954965662,231.12875,229.96102597743277,8.391388019566238,96.60316468418655,3.345739954965663,144.24905015493107,6.80912629769133,504.0,264.0,2.0,57.41144444444444,True,2048,64,20260329,20260329,cp1_mbt2048_mns64,234.75699032254246,234.75699032254246,234.4731194898486,306.3591618265491,308.630101144081,47.90310220886566,68.7989012689637,68.7989012689637,68.76322779020197,70.32351156445465,70.57238539227431,0.9364721002920107,1541.936114432853,1541.936114432853,1549.7754495008849,1629.1362725605723,1640.501199819846,57.12290173414321
24,40,5,120,40.0,0.0,191.4703324839185,1.6791918878240244,232.90240000000003,541.3585394180125,7.467172187861741,134.05888803947403,1.6791918878240333,379.0294700883428,5.805522358376774,984.0,504.0,3.0,57.41144444444444,True,2048,64,20260329,20260329,cp1_mbt2048_mns64,233.81754687579814,233.81754687579814,232.53903246950364,300.5343244120013,302.28358688531443,42.86855459973491,68.0572449525671,68.0572449525671,68.102718423455,68.77967973302405,68.94593799922568,0.504559285197595,2888.050100025915,2888.050100025915,2891.0721144638956,2964.75163641735,2975.6158268777654,53.43922969278145
24,50,5,120,50.0,0.0,198.6945656771897,3.242377903892543,232.86239999999998,696.955641978832,16.03980730676576,141.28312123274526,3.242377903892533,495.5828472008611,14.284635432726764,1224.0,624.0,4.0,57.41144444444444,True,2048,64,20260329,20260329,cp1_mbt2048_mns64,246.22524508352703,246.22524508352703,237.12852998869494,364.7871012799442,366.7460272728931,55.88130877019197,67.93562067083802,67.93562067083802,67.9052841234287,68.79922078105108,69.08879786249896,0.5101694236606608,3575.07065795459,3575.07065795459,3576.6924684867263,3677.9740440717433,3688.361763310386,59.45731962328635
24,75,5,120,75.0,0.0,211.1681964740957,0.739025770460322,233.5058,1090.9563323897357,7.099600822955373,153.75675202965124,0.7390257704603137,794.3438854996944,4.15120502516906,1824.0,924.0,5.0,57.41144444444444,True,2048,64,20260329,20260329,cp1_mbt2048_mns64,241.4702736180819,241.4702736180819,232.99867456080392,356.405622465536,362.60614033322787,46.27159915874936,67.63722091925808,67.63722091925808,67.65714783781536,68.15143466330875,68.29658086134775,0.33931178878246093,5246.62462164318,5246.62462164318,5250.967319472693,5334.35507658869,5352.0653021358885,53.55340393292588
24,100,5,120,100.0,0.0,214.9718150420419,0.5682268785564575,233.0982,1477.91888383432,5.732381423769661,157.56037059759754,0.5682268785564317,1083.2183186573243,4.9207865443407455,2424.0,1224.0,7.0,57.41144444444444,True,2048,64,20260329,20260329,cp1_mbt2048_mns64,251.68637368866862,251.68637368866862,231.86127102235335,368.833701137919,369.3893465423026,59.52844651769431,67.69017047861823,67.69017047861823,67.68468538395628,67.94198026287961,68.00322534599944,0.1531041130463747,6953.013251071873,6953.013251071873,6943.741719529498,7069.249902834417,7086.521260773297,62.06972844759644
24,150,5,120,150.0,0.0,220.63335019383302,0.9341448121266243,233.1078,2260.8978921872385,10.610585918614,163.2219057493886,0.934144812126617,1672.58509626782,10.148560891508579,3624.0,1824.0,10.0,57.41144444444444,True,2048,64,20260329,20260329,cp1_mbt2048_mns64,222.05199530386986,222.05199530386986,229.7761045047082,247.25996647030115,253.06101415655576,33.39667430725165,67.65187418573902,67.65187418573902,67.64192208718046,67.88878502221091,67.92576320861596,0.1591521373809191,10302.181248978983,10302.181248978983,10310.067627986427,10350.998318946222,10362.29405890219,46.58097380006073
24,200,5,120,200.0,0.0,224.68696371624316,0.2685305827100321,233.72480000000002,3065.4963859351283,10.133152816394933,167.27551927179871,0.26853058271002694,2282.2097088849405,8.353366143659803,4824.0,2424.0,13.0,57.41144444444444,True,2048,64,20260329,20260329,cp1_mbt2048_mns64,248.6257914385836,248.6257914385836,235.98956142086536,364.15361864492303,367.2282303124666,60.58385475628403,67.65973055929743,67.65973055929743,67.65828128136582,67.81178743750485,67.83226621399245,0.08820401234205963,13712.912172738774,13712.912172738774,13706.115427485202,13832.3885364749,13846.731131017441,66.01653021234863
24,300,5,120,300.0,0.0,227.31767231617405,0.7528153349973363,233.9752,4635.280706790247,25.829041336380296,169.9062278717296,0.752815334997334,3464.5989396832583,23.115613943899902,7224.0,3624.0,19.0,57.41144444444444,True,2048,64,20260329,20260329,cp1_mbt2048_mns64,246.79640133302505,246.79640133302505,232.75872401427478,298.4234551375267,299.73173310398124,45.93794616371655,67.59276825061794,67.59276825061794,67.5717043528025,67.79518307589251,67.81809800621792,0.12179779625340695,20457.034108267788,20457.034108267788,20467.537674529012,20555.035524792038,20564.197613064898,66.18607730362193
32,10,5,160,10.0,0.0,113.57310542297651,4.7200664635481395,155.2568,93.6306228915511,5.001531761191155,56.502772089643166,4.720066463548143,46.59706070486488,4.387283598019454,352.0,192.0,1.0,57.07033333333332,True,2048,64,20260329,20260329,cp1_mbt2048_mns64,224.21088481642073,224.21088481642073,230.67560757044703,243.21853892179206,246.26851792563684,29.38445032946512,71.91293874178277,71.91293874178277,71.85422067090661,76.31606629648658,76.6873367697311,2.694731649356047,871.4273334924656,871.4273334924656,879.632581025362,918.534740974428,925.7653769291937,43.271987673039035
32,20,5,160,20.0,0.0,156.2273643427382,3.6068673548948404,233.3884,237.8881655748367,8.482726397837753,99.15703100940488,3.6068673548948427,151.0005538588047,7.240401229518685,672.0,352.0,2.0,57.07033333333332,True,2048,64,20260329,20260329,cp1_mbt2048_mns64,263.7352149162325,263.7352149162325,245.36022398388013,362.06588259083225,365.9285116393585,54.11195719624998,69.37237387518459,69.37237387518459,69.22627826478626,71.55254118781733,71.84125585695975,1.2347817200246383,1581.8103185447399,1581.8103185447399,1583.939891483169,1673.8505003158934,1686.935370332794,57.9641702041273
32,40,5,160,40.0,0.0,191.34489328013024,1.9929139632689525,233.8614,541.410128634982,11.067231673986399,134.2745599467969,1.9929139632689465,379.92824576349733,8.697325180620188,1312.0,672.0,3.0,57.07033333333332,True,2048,64,20260329,20260329,cp1_mbt2048_mns64,267.77180383651285,267.77180383651285,251.4252874534577,327.63615547446534,332.7136735897511,44.67998875394932,68.35635469339113,68.35635469339113,68.35420031954223,69.18902390678295,69.50814456690867,0.5808954246185328,2933.669636878767,2933.669636878767,2933.4392874734476,3013.4923852514476,3022.6546275778674,56.48902211643011
32,50,5,160,50.0,0.0,199.99707184914794,0.6899251014944986,234.32080000000002,704.6271853844644,1.965388776527765,142.9267385158146,0.6899251014944876,503.5572707207522,2.0800677534088177,1632.0,832.0,4.0,57.07033333333332,True,2048,64,20260329,20260329,cp1_mbt2048_mns64,239.35614722358878,239.35614722358878,231.56354302773252,323.6584699479863,325.3249255521223,38.33904227577335,68.38236828281174,68.38236828281174,68.38845931663539,69.02822618294337,69.11684968572928,0.4222788550841131,3590.092193081364,3590.092193081364,3589.1536955023184,3672.4191601446364,3692.522753190715,45.55006287069894
32,75,5,160,75.0,0.0,211.79363994258068,1.4935748854256428,234.12359999999998,1105.6679025274577,13.716791964829355,154.72330660924735,1.4935748854256288,807.7316481538599,11.284504394247486,2432.0,1232.0,5.0,57.07033333333332,True,2048,64,20260329,20260329,cp1_mbt2048_mns64,263.9670746109914,263.9670746109914,238.93541895085946,363.8323377468623,367.579429121688,55.44072786688345,68.08022678788629,68.08022678788629,68.06654645982701,68.55991421561575,68.71342875156236,0.3028323471169444,5301.903856914578,5301.903856914578,5296.17252596654,5397.449411882553,5409.550646053394,59.886115795536995
32,100,5,160,100.0,0.0,216.87371798937275,1.1455457503397681,234.1138,1496.014487940433,7.308080777704627,159.80338465603938,1.1455457503397415,1102.3294796724897,5.788302640617714,3232.0,1632.0,7.0,57.07033333333332,True,2048,64,20260329,20260329,cp1_mbt2048_mns64,255.20229666217347,255.20229666217347,240.96322595141828,337.5725378631614,340.24204818648286,44.940711784902525,67.98717164721268,67.98717164721268,67.98216552976895,68.32739529270454,68.36558855634954,0.22505651604689103,6985.932289736229,6985.932289736229,6983.409363485407,7086.582656105747,7100.490681468509,53.819723890550954
32,150,5,160,150.0,0.0,222.7592480710603,0.5585310625135746,234.552,2292.356444965412,4.875180211015049,165.68891473772698,0.5585310625135701,1705.0595160992634,4.7564001659177135,4832.0,2432.0,10.0,57.07033333333332,True,2048,64,20260329,20260329,cp1_mbt2048_mns64,246.78101292593055,246.78101292593055,232.83340799389407,338.0441630259156,362.1120142366271,49.52433255907927,67.90388294804454,67.90388294804454,67.90648590954609,68.18632065008345,68.2295401339363,0.20584032982032877,10364.459572184569,10364.459572184569,10360.4452945292,10476.349910150748,10500.263385757571,60.67571372410535
32,200,5,160,200.0,0.0,225.25746808222183,0.756332991032633,234.59380000000002,3085.5856079195723,16.637821313804576,168.18713474888847,0.7563329910326284,2303.8378445406343,14.970889662589324,6432.0,3232.0,13.0,57.07033333333332,True,2048,64,20260329,20260329,cp1_mbt2048_mns64,249.61880372065934,249.61880372065934,233.69279352482408,320.45013397582807,323.64905581460334,48.79107966190807,67.88705620653933,67.88705620653933,67.88061575872834,68.10500435425838,68.15589100868328,0.13422735409424463,13759.142988821986,13759.142988821986,13763.746793963946,13822.109074395848,13829.705560838338,49.16787197366699
32,300,5,160,300.0,0.0,226.48066979308868,5.373990711211955,233.73559999999998,4645.277048993247,127.56002616608966,169.41033645975534,5.37399071121194,3474.809629727247,123.04304926739884,9632.0,4832.0,19.0,57.07033333333332,True,2048,64,20260329,20260329,cp1_mbt2048_mns64,248.96234204425127,248.96234204425127,239.11244148621336,298.7687458982691,359.03547765803523,45.75524597527709,67.93394344637869,67.93394344637869,67.99726070735736,68.12232845697636,68.1561922612421,0.19686810225618814,20561.21143251148,20561.21143251148,20581.985875498503,20659.423891932238,20669.950536511606,81.78006960684063
40,10,5,200,10.0,0.0,111.34147537924548,6.180747409490614,161.2214,95.35231828701929,10.426235317819744,53.93003093480104,6.180747409490621,46.249900547363055,7.54948437286347,440.0,240.0,1.0,57.41144444444444,True,2048,64,20260329,20260329,cp1_mbt2048_mns64,292.7051834343001,292.7051834343001,292.8650540416129,371.12146074068727,376.35791968670674,63.71520127915912,70.66306803052106,70.66306803052106,70.49583150203236,74.90748138580885,76.04863968962388,2.454231810014004,928.6727957089897,928.6727957089897,921.9021369935945,1024.9732430791482,1032.1187437023036,69.482277068184
40,20,5,200,20.0,0.0,152.05590455078107,4.3963623413438935,234.35039999999998,231.67013641679605,9.040392041473622,94.64446010633662,4.396362341343885,144.21509533963254,8.02166528789362,840.0,440.0,2.0,57.41144444444444,True,2048,64,20260329,20260329,cp1_mbt2048_mns64,253.338618761627,253.338618761627,243.44518349971622,304.25640395260416,361.5590753883589,44.0421272890042,69.35954042741,69.35954042741,68.97366347440861,72.18351432728875,72.54129634759585,1.5575084678007103,1571.169886882417,1571.169886882417,1579.664558521472,1650.7019900542218,1669.1581020248123,54.37290769597463
40,40,5,200,40.0,0.0,194.3169791347161,5.830902898944169,235.1906,557.494531335351,24.911623776673633,136.90553469027165,5.830902898944166,392.83387765024224,22.457118337722275,1640.0,840.0,3.0,57.41144444444444,True,2048,64,20260329,20260329,cp1_mbt2048_mns64,332.64005564386025,332.64005564386025,241.33760598488152,782.7223914850038,786.5070169710089,194.35339399255122,68.19684533324713,68.19684533324713,68.14475609168697,69.3191357733061,69.82786334406298,0.9418531184645763,2992.3170236404985,2992.3170236404985,2919.9064210406505,3449.1349309973884,3468.0114011780825,193.8686652014179
40,50,5,200,50.0,0.0,200.854017611649,2.5101065525710884,234.75020000000004,714.423508426543,14.772682706115111,143.44257316720456,2.5101065525711177,510.22815603492916,12.932464615458995,2040.0,1040.0,4.0,57.41144444444444,True,2048,64,20260329,20260329,cp1_mbt2048_mns64,278.6157439771341,278.6157439771341,254.34525747550651,368.39944712701254,372.32569850166334,59.16059889508582,68.12110948103138,68.12110948103138,68.0073650306737,69.14983065977066,69.34106755053759,0.5286461227654985,3616.5501085476717,3616.5501085476717,3612.477712507825,3712.2084557951894,3724.2321823188095,60.952359701985095
40,75,5,200,75.0,0.0,211.89884079238408,0.9140786131302577,235.5288,1111.2574447150396,12.25463576610556,154.48739634793964,0.9140786131302551,810.1786701199168,9.841851027258,3040.0,1540.0,5.0,57.41144444444444,True,2048,64,20260329,20260329,cp1_mbt2048_mns64,282.2367882664548,282.2367882664548,267.3494494520128,385.98303768085316,391.742182134185,63.604315826348,67.88399511501444,67.88399511501444,67.84706164900264,68.4557986319084,68.55807045348794,0.2916564472896612,5305.652426777524,5305.652426777524,5296.951432945207,5408.138206269359,5429.310843570856,65.53555327710295
40,100,5,200,100.0,0.0,217.1818686873768,0.503546136042388,235.5328,1502.9021251084089,10.954237226179137,159.7704242429323,0.5035461360424129,1105.6134742494767,8.306750090419659,4040.0,2040.0,7.0,57.41144444444444,True,2048,64,20260329,20260329,cp1_mbt2048_mns64,281.0332782007754,281.0332782007754,256.18864654097706,372.84883767715655,385.0112677307334,55.993057448402425,67.83272045961408,67.83272045961408,67.816392383938,68.26989682834605,68.33029558463491,0.25300616548974325,6996.472603702568,6996.472603702568,6979.745874530636,7114.398741885089,7137.049280593637,65.31581120680382
40,150,5,200,150.0,0.0,223.80097333661993,0.5180753950494408,235.81260000000003,2304.430599691837,4.808083370353234,166.3895288921755,0.518075395049426,1713.276682554193,4.794540717191505,6040.0,3040.0,10.0,57.41144444444444,True,2048,64,20260329,20260329,cp1_mbt2048_mns64,265.0104220426874,265.0104220426874,242.74991598213091,360.46484531252645,364.822069182992,53.8353610109097,67.79968980774001,67.79968980774001,67.77572824155612,68.11850556323223,68.20981469403033,0.18578899878826166,10367.16420339595,10367.16420339595,10364.780672476627,10469.0259668394,10494.024688691134,54.639641410543554
40,200,5,200,200.0,0.0,227.33731294078288,0.9738054822867385,236.43639999999996,3114.988935972736,16.066677180067924,169.9258684963384,0.9738054822867459,2328.3352026714356,15.150292903198466,8040.0,4040.0,13.0,57.41144444444444,True,2048,64,20260329,20260329,cp1_mbt2048_mns64,262.50953449925873,262.50953449925873,236.42001498956233,372.9231830162462,426.4241300488356,61.09431658538553,67.82863448514959,67.82863448514959,67.80952189981133,68.03984153239482,68.06424861943498,0.12178913002857814,13760.407797044027,13760.407797044027,13750.115295988508,13895.613704365678,13910.986213778378,67.74450009876587
40,300,5,200,300.0,0.0,230.01968169205475,0.5292507283330532,236.97379999999998,4721.350560421657,16.431526586542997,172.60823724761033,0.5292507283330452,3542.933601272524,14.881382122786258,12040.0,6040.0,19.0,57.41144444444444,True,2048,64,20260329,20260329,cp1_mbt2048_mns64,291.04195955907926,291.04195955907926,268.433251476381,376.27701339661144,433.11948257032776,67.51787568931216,67.94616034358194,67.94616034358194,67.93137937807555,68.09520354476152,68.12240503359287,0.08283256302053144,20606.943902290077,20606.943902290077,20591.699137003165,20729.60010116804,20740.72063459549,73.99753847568103
48,10,5,240,10.0,0.0,114.3295749397062,2.1050319929840633,183.9654,101.74906564023021,3.1513480910409073,56.91813049526178,2.1050319929840673,50.64900858348003,2.0809222979585247,528.0,288.0,1.0,57.41144444444444,True,2048,64,20260329,20260329,cp1_mbt2048_mns64,291.2399682686858,291.2399682686858,299.0642825025134,374.6180706017185,393.48503766814224,52.15651244425033,72.25855895074481,72.25855895074481,71.9844639986857,77.28194941042197,80.49217080736221,3.025854518068413,941.5669988253891,941.5669988253891,939.9517379933968,1036.7963318480176,1060.8665162103716,61.45703971410814
48,20,5,240,20.0,0.0,156.94183044432066,1.415173094343762,234.6634,245.78788621590473,4.235122624071729,99.53038599987622,1.4151730943437626,155.87593934242537,3.227786558191426,1008.0,528.0,2.0,57.41144444444444,True,2048,64,20260329,20260329,cp1_mbt2048_mns64,279.7491652910442,279.7491652910442,296.709785470739,324.5432553521823,370.30754591687486,43.420083034697534,69.66324446295499,69.66324446295499,69.39845902563417,72.30530725363153,73.34342130337302,1.3820400302069202,1603.3508100871888,1603.3508100871888,1610.59491999913,1677.1808621590023,1717.2594049246975,56.71383342557453
48,40,5,240,40.0,0.0,191.97998810719483,3.565498344249212,234.494,562.2793234175335,16.200744362978465,134.56854366275041,3.5654983442491988,394.151379324375,14.321937099691574,1968.0,1008.0,3.0,57.41144444444444,True,2048,64,20260329,20260329,cp1_mbt2048_mns64,295.9321579837706,295.9321579837706,297.32954496284947,378.86548445676453,382.0495748776011,60.041782922456484,68.61756461178466,68.61756461178466,68.49247997608752,69.94291420694655,70.60233193536241,0.6723783611128128,2972.0171778433723,2972.0171778433723,2966.8115415261127,3076.7773179453798,3095.292309668148,67.38431124689285
48,50,5,240,50.0,0.0,201.64631881802865,2.5266431657807837,235.9536,731.2236102391,12.165544215953656,144.23487437358418,2.526643165780773,523.0385967500339,11.0845135526226,2448.0,1248.0,4.0,57.41144444444444,True,2048,64,20260329,20260329,cp1_mbt2048_mns64,310.57109135823947,310.57109135823947,306.87604850390926,378.5038209054619,383.4717592794914,60.51627350869973,68.5075216205374,68.5075216205374,68.45537807236482,69.37534533041928,69.54605632661176,0.48348497412987196,3667.4396507645724,3667.4396507645724,3675.4791909479536,3760.5832440254744,3771.4610922313295,72.06553157809286
48,75,5,240,75.0,0.0,212.2867084456221,0.6880182685906313,236.12400000000002,1119.62749318142,8.932880871545253,154.87526400117767,0.6880182685906385,816.8333112135257,7.143138336787317,3648.0,1848.0,5.0,57.41144444444444,True,2048,64,20260329,20260329,cp1_mbt2048_mns64,287.0231973700963,287.0231973700963,274.3793525150977,381.89235104364343,410.59829340782017,63.69339603125525,68.23431267093673,68.23431267093673,68.18556759390049,68.96178151199256,69.17292611253436,0.37914095332239084,5336.362335019415,5336.362335019415,5331.397210946307,5442.156193358824,5471.216435290407,69.63141511867644
48,100,5,240,100.0,0.0,218.72443183429988,0.9496704449496276,236.53220000000002,1531.9924819519713,13.978459662627365,161.31298738985546,0.9496704449496262,1129.8752872473378,11.829352732901455,4848.0,2448.0,7.0,57.41144444444444,True,2048,64,20260329,20260329,cp1_mbt2048_mns64,305.19802968580433,305.19802968580433,295.7676805090159,440.95398786012083,447.94319120701397,72.06895991494484,68.21686875365454,68.21686875365454,68.191399035806,68.58812250600272,68.66300516627786,0.21092701561956373,7058.668036297604,7058.668036297604,7049.048675515223,7213.585924368817,7236.27053462551,79.04961678746659
48,150,5,240,150.0,0.0,224.03033746513302,0.9400436854690666,236.705,2330.590026098251,17.450805572536517,166.61889302068857,0.9400436854690858,1733.3426611925595,15.199397330544759,7248.0,3648.0,10.0,57.41144444444444,True,2048,64,20260329,20260329,cp1_mbt2048_mns64,288.98027797307196,288.98027797307196,297.2736144438386,375.071020971518,382.55613918881863,56.195041914421864,68.18068778639832,68.18068778639832,68.18636049650885,68.4938091172168,68.55806628482779,0.1877336349448259,10447.902758146423,10447.902758146423,10449.506950972136,10568.233129987493,10583.917032867903,72.53547077654902
48,200,5,240,200.0,0.0,227.47746024387408,0.5338472886726832,237.13400000000001,3145.483655514313,16.464801681021108,170.06601579942964,0.5338472886726876,2351.6199944939594,13.888538174098292,9648.0,4848.0,13.0,57.41144444444444,True,2048,64,20260329,20260329,cp1_mbt2048_mns64,290.0271040760951,290.0271040760951,289.93728500790894,377.4374617554713,382.54572971956804,62.40733694385895,68.25920015276029,68.25920015276029,68.23985957062041,68.50270850735427,68.59165475750576,0.13085507042151603,13873.60793447539,13873.60793447539,13870.923319016583,13984.041704487754,13997.230777719524,69.95669453461986
48,300,5,240,300.0,0.0,231.2317544599735,0.46776996981141133,238.29479999999998,4778.888691901922,12.278743932159307,173.8203100155291,0.4677699698114149,3592.3600261322235,10.865744893560395,14448.0,7248.0,19.0,57.41144444444444,True,2048,64,20260329,20260329,cp1_mbt2048_mns64,262.68222692306153,262.68222692306153,256.2646625447087,318.6737944895867,324.5008741947822,44.07102735501999,68.37457883951376,68.37457883951376,68.38322865226178,68.61228785842788,68.65987416261022,0.1446905163357309,20706.681299937674,20706.681299937674,20717.34503551852,20789.533302519703,20810.30392818037,62.662180636836005
50,10,5,250,10.0,0.0,119.22071256608436,5.7740881701904225,164.8828,107.93624201421737,5.318041611274843,62.15037923275103,5.774088170190422,56.26798755103747,5.256289073028467,550.0,300.0,1.0,57.07033333333332,True,2048,64,20260329,20260329,cp1_mbt2048_mns64,301.00603611394763,301.00603611394763,302.42004798492417,376.4418184873648,383.2163859764114,53.22905529798881,71.76882357750503,71.76882357750503,71.37227866850378,76.46817977721285,77.56602566585772,2.6576975886712315,946.9254483114928,946.9254483114928,956.0750745004043,1029.7216792823747,1055.2730535902083,63.16007599973333
50,20,5,250,20.0,0.0,154.0629123150614,9.344176101991366,234.9884,242.91288539902948,21.414409607812573,96.99257898172807,9.344176101991374,153.04130755445743,18.87110204473567,1050.0,550.0,2.0,57.07033333333332,True,2048,64,20260329,20260329,cp1_mbt2048_mns64,292.60620430344716,292.60620430344716,300.52093853009865,376.7467063385993,383.1727437535301,55.02993673405717,69.73886943902626,69.73886943902626,69.59582689696138,71.99969102297663,72.49474780278672,1.2261444937983157,1617.6447236449458,1617.6447236449458,1616.8367764912546,1731.9433353899512,1756.4985465980135,65.56888226437103
50,40,5,250,40.0,0.0,192.50442014922373,2.3324285527105832,236.50560000000002,559.4072172662735,7.830275448395684,135.4340868158904,2.332428552710573,393.5659831167697,7.457669178258451,2050.0,1050.0,3.0,57.07033333333332,True,2048,64,20260329,20260329,cp1_mbt2048_mns64,290.60277416324243,290.60277416324243,266.8280794750899,408.4467213600874,426.3342186354566,60.47058830120158,69.18463232523452,69.18463232523452,69.05431952625992,70.60000181036929,70.8766929553941,0.7773727041554876,2988.8034348473884,2988.8034348473884,2983.3387094549835,3101.6192777839024,3116.050243668724,64.48882521520441
50,50,5,250,50.0,0.0,203.69759463939442,0.8717301742875696,236.777,737.0573627017218,6.444536397266299,146.62726130606111,0.8717301742875576,530.5569721356746,5.424352535572141,2550.0,1300.0,4.0,57.07033333333332,True,2048,64,20260329,20260329,cp1_mbt2048_mns64,300.18819641461596,300.18819641461596,303.12531907111406,386.22323925374076,394.2200739053078,48.76264545099005,68.9217337982216,68.9217337982216,68.84473609163103,69.87865166631717,70.23528716586321,0.5978895677938787,3677.353152527474,3677.353152527474,3681.6524265450425,3765.620873973239,3787.6081404683646,58.214986310934584
50,75,5,250,75.0,0.0,212.58907147098503,1.8434195825816315,237.16879999999998,1126.8294417176344,8.509889390566512,155.5187381376517,1.8434195825816353,824.3249525589566,8.785155847442478,3800.0,1925.0,5.0,57.07033333333332,True,2048,64,20260329,20260329,cp1_mbt2048_mns64,285.5346635277383,285.5346635277383,292.27956605609506,351.9712680426892,420.34217567881564,50.30141101094107,68.56131669502656,68.56131669502656,68.5008716686138,69.29810886276017,69.62383756749142,0.35748357136229914,5359.072098959703,5359.072098959703,5362.00808553258,5460.651393496664,5489.228215942858,58.90748150218498
50,100,5,250,100.0,0.0,218.69449254789006,1.0837319851893852,237.48539999999997,1532.8931185787203,9.598020484740942,161.62415921455676,1.083731985189392,1132.8710710618498,8.821204663980701,5050.0,2550.0,7.0,57.07033333333332,True,2048,64,20260329,20260329,cp1_mbt2048_mns64,293.2183865662664,293.2183865662664,300.6729109911248,408.6705922323745,418.98415753268637,54.63562810750756,68.3776179676631,68.3776179676631,68.37598136343965,68.70115801675547,68.84967713021776,0.18954963056282734,7062.602565364912,7062.602565364912,7067.314946500119,7160.074665345019,7200.5617104738485,59.805920060736085
50,150,5,250,150.0,0.0,224.7189693279914,0.8830109730090248,237.6922,2338.0722849792087,14.141360838386326,167.64863599465804,0.8830109730090278,1744.2910251183907,12.709481811563013,7550.0,3800.0,10.0,57.07033333333332,True,2048,64,20260329,20260329,cp1_mbt2048_mns64,286.01443334296346,286.01443334296346,281.42242651665583,378.0860967992339,385.49615404219367,52.94144620102569,68.40721311317068,68.40721311317068,68.38872613722846,68.73532019796994,68.81945279497191,0.1834146971089578,10478.689187205397,10478.689187205397,10482.357881497592,10564.03579833568,10573.846881233621,55.04882906059465
50,200,5,250,200.0,0.0,228.90159718711593,0.4113871132283405,238.37580000000003,3169.4232019898395,9.420628162684507,171.83126385378262,0.4113871132283283,2379.215708280116,8.45587953769938,10050.0,5050.0,13.0,57.07033333333332,True,2048,64,20260329,20260329,cp1_mbt2048_mns64,295.74720476707444,295.74720476707444,295.5368999973871,412.34222619677894,421.9598164805211,56.63753796467436,68.44242888222911,68.44242888222911,68.43533375137837,68.63682434883029,68.69837223078315,0.10704181847829848,13915.790552330669,13915.790552330669,13916.46232950734,14015.966135507915,14038.42299586162,60.213613229304556
50,300,5,250,300.0,0.0,232.82343381673908,2.364613463410295,239.4326,4834.770108706203,61.29284210943044,175.75310048340575,2.364613463410302,3649.680046597544,58.21556929637818,15050.0,7550.0,19.0,57.07033333333332,True,2048,64,20260329,20260329,cp1_mbt2048_mns64,477.2804358978756,477.2804358978756,361.9706705212593,1039.4959079334512,1053.3652977959719,275.75766566194613,68.50931869208638,68.50931869208638,68.54703605531662,68.74996998690358,68.87970897742083,0.28627606809069484,20961.566724831704,20961.566724831704,20839.842910470907,21522.8113629797,21547.95563529129,283.43038195068465
56,10,4,224,10.0,0.0,112.37363105834227,10.446361419503933,164.60475,102.29139267981053,10.973815039346007,54.96218661389781,10.446361419503933,50.07164584660531,10.176383158127182,616.0,336.0,1.0,57.41144444444444,True,2048,64,20260329,20260329,cp1_mbt2048_mns64,293.97430366589106,293.97430366589106,296.7589854961261,363.91703879926354,371.51841568760574,43.834591937694235,72.86391598430032,72.86391598430032,72.43948594744629,78.7749520334829,79.80673961975198,3.1212955081914173,949.7495475245939,949.7495475245939,953.147483523935,1025.6597904721275,1045.1237215020228,56.35244684177568
56,20,5,280,20.0,0.0,153.09546862933357,5.617375302728025,235.4752,238.8365009416819,7.702626655528436,95.68402418488913,5.617375302728032,149.2493008007818,7.902215820543793,1176.0,616.0,2.0,57.41144444444444,True,2048,64,20260329,20260329,cp1_mbt2048_mns64,389.19716713093555,389.19716713093555,303.6156425368972,923.446888528997,932.355806265259,236.51905414050998,69.95751296375313,69.95751296375313,69.80653191720577,72.16563698173941,72.71619807597936,1.2447326302955608,1718.3899134422452,1718.3899134422452,1624.2953485343605,2263.895077671623,2298.9835360762663,239.40135569502718
56,40,5,280,40.0,0.0,196.06215190719064,2.4262803809390348,236.78000000000003,580.2920157719561,9.782830623656519,138.65070746274614,2.4262803809390374,410.37629882548663,8.981455973741898,2296.0,1176.0,3.0,57.41144444444444,True,2048,64,20260329,20260329,cp1_mbt2048_mns64,321.21759087811887,321.21759087811887,310.9199719619937,394.1827094356995,397.88985472172493,58.16117021831073,69.25526353600519,69.25526353600519,69.16680488472755,70.53300755229803,70.76102805780604,0.7018064178478367,3022.172868782322,3022.172868782322,3020.9157450590283,3126.672954921378,3137.780300361337,70.52354140471462
56,50,5,280,50.0,0.0,204.04700566234087,0.8375072706941242,236.92780000000002,742.3738863558905,4.709428374327806,146.6355612178964,0.8375072706941282,533.4979623874005,4.1918639022035515,2856.0,1456.0,4.0,57.41144444444444,True,2048,64,20260329,20260329,cp1_mbt2048_mns64,298.79011173117243,298.79011173117243,308.20399400545284,372.9952778550796,382.86840390763246,47.52026778876899,69.01775728406298,69.01775728406298,68.95756864283538,69.88938306992854,70.09680615386412,0.517222152767848,3680.660218650259,3680.660218650259,3683.6405064677824,3765.7790502824355,3793.1599564943463,60.15362158286799
56,75,5,280,75.0,0.0,212.63341304001634,2.2226039122236165,236.93580000000003,1134.5659387838125,10.344975814448771,155.22196859557192,2.2226039122236045,828.2262534329495,10.645104396669515,4256.0,2156.0,5.0,57.41144444444444,True,2048,64,20260329,20260329,cp1_mbt2048_mns64,293.38808544437467,293.38808544437467,301.34044447913766,391.75256510498014,401.94106251001347,48.31085805350941,68.83014210249351,68.83014210249351,68.78542682435993,69.49115643738705,69.94870690866436,0.3716669799461089,5386.818601028894,5386.818601028894,5393.336542474572,5472.722097096266,5506.668336514849,57.1810785426134
56,100,5,280,100.0,0.0,217.7126227183804,1.7108313697514446,236.8246,1530.2293364226412,14.228963860736403,160.301178273936,1.7108313697514592,1126.7065995331304,13.588980848960535,5656.0,2856.0,7.0,57.41144444444444,True,2048,64,20260329,20260329,cp1_mbt2048_mns64,298.8332871588812,298.8332871588812,304.8960365122184,379.124259512173,397.16353228199296,44.21616629197868,68.60646371797118,68.60646371797118,68.56990994996099,69.13306431126347,69.40420271413674,0.30200569140974254,7090.8731952380285,7090.8731952380285,7100.046762032434,7159.426907304442,7184.744211257203,55.44203216933977
56,150,5,280,150.0,0.0,224.3729813356224,8.808016041808227,235.7194,2351.5346854373865,100.33206141338252,166.9615368911779,8.808016041808239,1749.901609406433,98.17435077346812,8456.0,4256.0,10.0,57.41144444444444,True,2048,64,20260329,20260329,cp1_mbt2048_mns64,485.28254867248637,485.28254867248637,327.58345699403435,1178.4794243634678,1238.7602388032246,334.0077748686851,68.5227417782858,68.5227417782858,68.57954876516139,68.90755835260364,69.04374708853592,0.5515618349831848,10695.171073637071,10695.171073637071,10556.002084049396,11416.22184049338,11448.239705474116,341.7429496823933
56,200,5,280,200.0,0.0,226.80288930403307,3.5130949594428955,237.12259999999998,3151.797797495391,55.08242678682095,169.3914448595886,3.5130949594428773,2353.9911841552575,53.43434711513209,11256.0,5656.0,13.0,57.41144444444444,True,2048,64,20260329,20260329,cp1_mbt2048_mns64,281.47382437725486,281.47382437725486,293.1298574549146,323.48501649685204,334.1978046600706,38.728200899773626,68.60244373829947,68.60244373829947,68.61136260064524,68.89275576832738,68.9845171068086,0.18624428212508903,13933.360128298851,13933.360128298851,13939.338850439526,14023.415174835829,14038.354647713715,58.140496951651315
56,300,5,280,300.0,0.0,231.65940936997845,0.31009016931027433,238.95660000000004,4825.131486519359,16.302115711628694,174.24796492553403,0.31009016931024524,3629.335864414322,13.653641884015498,16856.0,8456.0,19.0,57.41144444444444,True,2048,64,20260329,20260329,cp1_mbt2048_mns64,278.90066021521176,278.90066021521176,286.61320451647043,323.465588176623,334.4509559054859,38.19241524652115,68.85982800779267,68.85982800779267,68.86180994481651,69.09171656655214,69.13682418345103,0.14588788181362405,20867.989234545217,20867.989234545217,20874.14865801111,20951.677369710524,20965.596161694266,59.931636028551424
60,10,4,240,10.0,0.0,119.96505246532953,8.102941782258764,175.491,113.33444804558158,12.134164135959377,62.553608020885086,8.102941782258762,59.19526665742862,9.945905818509424,660.0,360.0,1.0,57.41144444444444,True,2048,64,20260329,20260329,cp1_mbt2048_mns64,469.58601375905954,469.58601375905954,379.16368356673047,899.593079945771,929.8190055985464,228.06533440963946,73.27698902798282,73.27698902798282,72.8621416621738,78.8114629750554,80.11931072933496,3.4164838666672326,1129.078915010905,1129.078915010905,1055.4626119555905,1574.7352613077965,1596.0517775535118,229.83628612446321
60,20,5,300,20.0,0.0,155.72640236431505,18.626513172862285,236.5244,249.9496639671123,31.21758405608988,98.31495791987062,18.626513172862293,157.84781128530594,30.678490121438657,1260.0,660.0,2.0,57.41144444444444,True,2048,64,20260329,20260329,cp1_mbt2048_mns64,296.753705071751,296.753705071751,306.3631355180405,371.67747980565764,385.52914544707164,43.551858096111225,70.76276502606721,70.76276502606721,70.56987234146187,73.53468587113495,74.60733551464632,1.6012969729311541,1641.2462405670278,1641.2462405670278,1645.8337585208938,1722.3894302092958,1754.0915350080468,59.63515413934751
60,40,5,300,40.0,0.0,201.8221311624261,13.826341169600884,237.73000000000002,608.5101010494567,56.314594759526535,144.41068671798166,13.826341169600884,435.6184611662458,52.472462592708105,2460.0,1260.0,3.0,57.41144444444444,True,2048,64,20260329,20260329,cp1_mbt2048_mns64,465.88318711845204,465.88318711845204,314.7069059778005,1201.0287694341969,1265.6407599640079,326.73943447742795,68.35258213959386,68.35258213959386,69.15364253860062,70.78787525473997,71.32519890196048,4.291124172903539,3131.633890562613,3131.633890562613,3028.0800005421042,3878.6290552234277,3931.9130564481015,297.38364083876627
60,50,5,300,50.0,0.0,202.41126244231344,1.7319150321885664,237.60920000000002,736.3329697036265,6.538654956539966,144.999817997869,1.731915032188588,527.481549912193,6.449732315311106,3060.0,1560.0,4.0,57.41144444444444,True,2048,64,20260329,20260329,cp1_mbt2048_mns64,298.61684030503966,298.61684030503966,290.4817929957062,426.57191497273743,435.848427019082,60.28533536050327,69.19498898172085,69.19498898172085,69.2184604490556,69.96978664799231,70.05929842712453,0.4945881691444391,3689.1713004093617,3689.1713004093617,3680.5681505356915,3820.0767571572214,3850.975817942526,67.74134471777684
60,75,5,300,75.0,0.0,214.5363530806515,1.9931725551219477,238.20860000000002,1147.5569919056904,11.533922814678663,157.12490863620707,1.9931725551219464,840.4635820498692,11.233910682184414,4560.0,2310.0,5.0,57.41144444444444,True,2048,64,20260329,20260329,cp1_mbt2048_mns64,319.50081885287847,319.50081885287847,321.145765541587,404.1853819100652,417.92787903919816,53.0309059609982,69.0662411925213,69.0662411925213,69.05056765567309,69.67623964214786,69.94357949988034,0.38513548509526374,5430.402667099454,5430.402667099454,5435.138400527649,5530.926750716753,5549.199888744623,67.05798771550421
60,100,5,300,100.0,0.0,219.524341477913,2.489708878433422,238.80259999999998,1553.9768180793526,19.200652382024117,162.11289703346858,2.4897088784334365,1147.5731334977231,18.69566427951448,6060.0,3060.0,7.0,57.41144444444444,True,2048,64,20260329,20260329,cp1_mbt2048_mns64,309.82664115067263,309.82664115067263,308.6336815613322,464.49958686716855,478.1509951699991,60.015438530990906,68.95381710543813,68.95381710543813,68.92716202525084,69.46311010567547,69.60517199885223,0.29292886608294316,7136.254534589049,7136.254534589049,7131.749149470124,7283.263629372232,7332.538853813894,69.93554739888755
60,150,5,300,150.0,0.0,225.1570215248712,1.848123243166807,238.8526,2372.313262619856,16.29688468107544,167.74557708042678,1.8481232431667904,1767.4049874662614,16.989126540887938,9060.0,4560.0,10.0,57.41144444444444,True,2048,64,20260329,20260329,cp1_mbt2048_mns64,407.16954652414034,407.16954652414034,310.9161930042319,1151.6749557340518,1222.6135882106612,276.7318022569561,68.98146959817062,68.98146959817062,68.94723232210482,69.33031345732454,69.41508606048113,0.1920541349670077,10685.408516651563,10685.408516651563,10601.35975497542,11452.499644935597,11485.826813146705,277.4333037177083
60,200,5,300,200.0,0.0,230.0591518034218,0.8348712045950696,239.9852,3220.49733909285,10.241625403241768,172.64770735897736,0.834871204595081,2416.8154010229127,9.64399198499654,12060.0,6060.0,13.0,57.41144444444444,True,2048,64,20260329,20260329,cp1_mbt2048_mns64,311.8779310467653,311.8779310467653,311.74694997025654,399.80098777450627,413.2133905973751,55.69983700826884,68.96396107405387,68.96396107405387,68.96365746731715,69.21364086005607,69.25356326383731,0.1557724793425676,14035.706184783485,14035.706184783485,14036.970545421354,14137.909441022202,14157.063954877667,64.08724701509632
60,300,5,300,300.0,0.0,233.35848061031115,0.5677292495966779,240.7,4883.387701212855,14.469692561732717,175.94703616586668,0.5677292495966699,3681.9631868448087,13.034057922292751,18060.0,9060.0,19.0,57.41144444444444,True,2048,64,20260329,20260329,cp1_mbt2048_mns64,296.0314748098608,296.0314748098608,309.276974061504,334.910978237167,405.29648131341673,40.50648998677536,69.13650565084023,69.13650565084023,69.1452359916552,69.4031480499847,69.43454107593583,0.16207389407603437,20967.846664411092,20967.846664411092,20975.563639076427,21063.361859350698,21085.371573866578,67.36288067402276
64,10,10,640,10.0,0.0,114.45253638617324,7.328144981172887,170.8179,106.99694983307828,8.057580252447753,57.21164749728435,7.371051308350604,53.49889677056514,7.388383357837699,704.0,384.0,1.0,57.24088888888889,True,2048,64,20260329,20260329,cp1_mbt2048_mns64,351.94897901765216,351.94897901765216,303.3886835328303,987.0519513613544,1055.0933861720841,196.48225198055852,74.2711221721442,74.2711221721442,73.5780818374931,82.3753477850308,85.00115374814615,4.072087961131331,1020.38907856695,1020.38907856695,974.3556770845316,1652.7720377140213,1753.2038919639308,203.81833576455955
64,20,10,640,20.0,0.0,158.43187645269913,9.490038694572817,236.85339999999997,254.80385624659056,16.108120557258164,101.19098756381022,9.545277730011978,162.75331047817335,15.754380505397169,1344.0,704.0,2.0,57.24088888888889,True,2048,64,20260329,20260329,cp1_mbt2048_mns64,297.57881098903454,297.57881098903454,301.32565001258627,367.0685471326579,390.6797028076835,44.12502348995572,71.10895315692783,71.10895315692783,70.91666244913971,74.01269343160828,74.87648893025165,1.6311364746298596,1648.6489209706633,1648.6489209706633,1653.034902003128,1733.3629069733433,1758.9102825720329,59.32268600543996
64,40,10,640,40.0,0.0,195.02281304967374,1.4719980483433641,237.4565,580.2069482687182,5.264576073566201,137.78192416078485,1.481692951158892,409.9121374011755,4.959895353769425,2624.0,1344.0,3.0,57.24088888888889,True,2048,64,20260329,20260329,cp1_mbt2048_mns64,299.4278056474286,299.4278056474286,308.3820754545741,384.8444864677731,397.77745250146836,45.07722505077777,69.66968865755729,69.66968865755729,69.59914584727719,70.94234739630244,71.25922594494067,0.713598277714284,3016.545663292163,3016.545663292163,3017.950239474885,3099.0834577416535,3120.311296544969,57.50325940687585
64,50,10,640,50.0,0.0,202.2602413118604,2.220860845861661,237.8481,741.4362656531513,8.893822518576524,145.0193524229715,2.0869249576974926,531.6056571810635,8.099382538071943,3264.0,1664.0,4.0,57.24088888888889,True,2048,64,20260329,20260329,cp1_mbt2048_mns64,296.5236262187318,296.5236262187318,294.70739007228985,370.1967300265096,424.74853230291046,48.46501653631457,69.60506894711773,69.60506894711773,69.55610281711786,70.63688378512612,70.92099165311083,0.57699992093468,3707.1720046275004,3707.1720046275004,3710.825007990934,3805.9686958556986,3853.209949197481,60.15337811579206
64,75,10,640,75.0,0.0,214.22969473148038,1.3120643817796598,238.3871,1151.047958421528,8.100193026595626,156.9888058425915,1.4566162320294778,843.4954516553651,8.417036207559264,4864.0,2464.0,5.0,57.24088888888889,True,2048,64,20260329,20260329,cp1_mbt2048_mns64,293.84955109198927,293.84955109198927,292.83974855206907,425.6911498552654,448.7521367298905,53.83342849720602,69.2289720493603,69.2289720493603,69.19444598669715,69.85002170738488,70.09773061609185,0.363329289286337,5416.793482744652,5416.793482744652,5417.171182460152,5512.111425754847,5564.512947575422,58.83051151098255
64,100,10,640,100.0,0.0,220.0579198080017,1.4224214993962403,238.42469999999997,1562.938940159931,9.612863422849479,162.81703091911285,1.49371927028854,1156.3895134613367,10.130341324675523,6464.0,3264.0,7.0,57.24088888888889,True,2048,64,20260329,20260329,cp1_mbt2048_mns64,290.6950078497175,290.6950078497175,291.4102674694732,370.0533980038016,396.60270699299883,44.334956530550286,69.17566839570513,69.17566839570513,69.14945360157884,69.64618579615049,69.79378603292967,0.2658269483093491,7139.086179024525,7139.086179024525,7139.021679526195,7228.747021703748,7263.812357166316,54.92586599120063
64,150,10,640,150.0,0.0,226.09005838962784,1.128595381589885,238.86370000000002,2385.622712437305,12.412899967475658,168.849169500739,1.131846710130902,1781.6373109012638,12.273610321484854,9664.0,4864.0,10.0,57.24088888888889,True,2048,64,20260329,20260329,cp1_mbt2048_mns64,325.4629308332369,325.4629308332369,321.5016355388798,424.9469744565431,432.2592464101035,61.231531091276366,69.11953264160722,69.11953264160722,69.10101921124158,69.4930046914386,69.58828189537623,0.21412003450886027,10624.273294432714,10624.273294432714,10622.83662345726,10738.48969785613,10772.40305812913,71.44540822144694
64,200,10,640,200.0,0.0,228.4693794442016,1.8803372591137633,238.7828,3203.5440709495456,31.887253777663776,171.2284905553127,1.8474412606901986,2400.931412476194,29.6694239416539,12864.0,6464.0,13.0,57.24088888888889,True,2048,64,20260329,20260329,cp1_mbt2048_mns64,304.35683802334097,304.35683802334097,303.2032379996963,406.0106659831945,418.06009241729043,52.716851410390056,69.1487064152097,69.1487064152097,69.1424000925787,69.46878657166158,69.54348378856876,0.18506011314474421,14064.949414650071,14064.949414650071,14061.879186483566,14187.278725631768,14233.362544812262,72.21340445177088
64,300,10,640,300.0,0.0,232.84632978891756,0.47620912511948144,240.1691,4893.14838243588,11.524740777699986,175.60544090002867,0.5155566217012749,3690.258316044001,11.077432441810751,19264.0,9664.0,19.0,57.24088888888889,True,2048,64,20260329,20260329,cp1_mbt2048_mns64,307.64820152617176,307.64820152617176,308.14815597841516,386.89233868499286,398.82251042639837,48.02129411712564,69.42029169845729,69.42029169845729,69.41159940784155,69.58058560979599,69.61712421071061,0.08867847266756132,21064.315419364902,21064.315419364902,21061.98682944523,21157.250451564323,21194.268339284463,60.019029632459215
