timestamp,power_w,memory_gb,temperature_c
1773191229.5046268,73.94,14.056640625,53
1773191229.7670112,77.89,14.056640625,54
1773191230.0273278,77.89,14.056640625,55
1773191230.2893047,77.89,14.056640625,55
1773191230.55188,77.89,14.056640625,54
1773191230.8039327,77.89,14.056640625,54
1773191231.0642457,77.89,14.056640625,55
1773191231.3238707,77.89,14.056640625,55
1773191231.585074,77.89,14.056640625,55
1773191231.846897,77.89,14.056640625,55
1773191232.111398,150.01,14.056640625,55
1773191232.3667395,150.01,14.056640625,55
1773191232.6280532,150.01,14.056640625,55
1773191232.8907323,150.01,14.056640625,55
1773191233.1498623,150.01,14.056640625,55
1773191233.4088755,150.01,14.056640625,55
1773191233.6697433,150.01,14.056640625,55
1773191233.928157,150.01,14.056640625,55
1773191234.1878853,150.01,14.056640625,55
1773191234.450468,150.01,14.056640625,55
1773191234.7118692,150.01,14.056640625,55
1773191234.968469,150.01,14.056640625,55
1773191235.226949,150.01,14.056640625,55
1773191235.4869807,150.01,14.056640625,55
1773191235.750939,150.01,14.056640625,55
1773191236.0147793,150.01,14.056640625,55
1773191236.2780316,150.01,14.056640625,55
1773191236.5389442,150.01,14.056640625,55
1773191236.8012376,150.01,14.056640625,55
1773191237.0623314,150.01,14.056640625,55
1773191237.323996,150.01,14.056640625,56
1773191237.5874422,150.01,14.056640625,55
1773191237.8499186,150.01,14.056640625,55
1773191238.1153488,149.61,14.056640625,55
1773191238.3746128,149.61,14.056640625,56
1773191238.6376417,149.61,14.056640625,55
1773191238.899889,149.61,14.056640625,55
1773191239.1609435,149.61,14.056640625,56
1773191239.4230387,149.61,14.056640625,56
1773191239.6839838,149.61,14.056640625,56
1773191239.9442637,149.61,14.056640625,56
1773191240.2044275,149.61,14.056640625,56
1773191240.465353,149.61,14.056640625,56
1773191240.7308702,149.61,14.056640625,56
1773191240.992232,149.61,14.056640625,56
1773191241.2539954,149.61,14.056640625,56
1773191241.514226,149.61,14.056640625,56
1773191241.7797065,149.61,14.056640625,56
1773191242.0400646,149.61,14.056640625,56
1773191242.3010137,149.61,14.056640625,56
1773191242.5616329,149.61,14.056640625,56
1773191242.8233278,149.61,14.056640625,56
1773191243.085164,149.61,14.056640625,56
1773191243.3457546,149.61,14.056640625,56
1773191243.6074686,149.79,14.056640625,56
1773191243.8700664,149.79,14.056640625,56
1773191244.1318483,149.79,14.056640625,56
1773191244.3933518,149.79,14.056640625,56
1773191244.656408,149.79,14.056640625,56
1773191244.9184413,149.79,14.056640625,56
1773191245.180458,149.79,14.056640625,56
1773191245.433927,149.79,14.056640625,56
1773191245.6965544,149.79,14.056640625,56
1773191245.9588675,149.79,14.056640625,56
1773191246.2189634,149.79,14.056640625,56
1773191246.4801605,149.79,14.056640625,56
1773191246.741131,149.79,14.056640625,56
1773191247.0031507,149.79,14.056640625,56
1773191247.2653697,149.79,14.056640625,56
1773191247.527259,149.79,14.056640625,56
1773191247.7889216,149.79,14.056640625,56
1773191248.0491965,149.79,14.056640625,56
1773191248.3126676,149.79,14.056640625,56
1773191248.5731995,149.79,14.056640625,56
1773191248.8340127,149.79,14.056640625,56
1773191249.0964103,149.79,14.056640625,56
1773191249.357861,149.79,14.056640625,56
1773191249.6197217,149.8,14.056640625,56
1773191249.8812268,149.8,14.056640625,56
1773191250.1431255,149.8,14.056640625,57
1773191250.4053547,149.8,14.056640625,57
1773191250.6669388,149.8,14.056640625,56
1773191250.929454,149.8,14.056640625,57
1773191251.1916656,149.8,14.056640625,57
1773191251.4545915,149.8,14.056640625,57
1773191251.717146,149.8,14.056640625,57
1773191251.9797618,149.8,14.056640625,57
1773191252.2414649,149.8,14.056640625,57
1773191252.5047114,149.8,14.056640625,57
1773191252.7600188,149.8,14.056640625,57
1773191253.0220435,149.8,14.056640625,57
1773191253.2754662,149.8,14.056640625,57
1773191253.5363162,149.8,14.056640625,57
1773191253.7988985,149.8,14.056640625,57
1773191254.0601273,149.8,14.056640625,57
1773191254.3208942,149.8,14.056640625,57
1773191254.5753388,149.8,14.056640625,57
1773191254.8357835,149.8,14.056640625,57
1773191255.097422,149.8,14.056640625,57
1773191255.3548465,149.8,14.056640625,57
1773191255.6152098,149.86,14.056640625,57
1773191255.8770037,149.86,14.056640625,57
1773191256.142553,149.86,14.056640625,57
1773191256.3969617,149.86,14.056640625,57
1773191256.6588602,149.86,14.056640625,57
1773191256.919427,149.86,14.056640625,57
1773191257.1817133,149.86,14.056640625,57
1773191257.4419086,149.86,14.056640625,57
1773191257.703466,149.86,14.056640625,57
1773191257.9638886,149.86,14.056640625,57
1773191258.2258673,149.86,14.056640625,57
1773191258.4869826,149.86,14.056640625,57
1773191258.748633,149.86,14.056640625,57
1773191259.0097418,149.86,14.056640625,57
1773191259.2724662,149.86,14.056640625,57
1773191259.534788,149.86,14.056640625,57
1773191259.7889018,149.86,14.056640625,57
1773191260.057318,149.86,14.056640625,57
1773191260.3100302,149.86,14.056640625,57
1773191260.5700216,149.86,14.056640625,57
1773191260.8330255,149.86,14.056640625,57
1773191261.0867403,149.86,14.056640625,57
1773191261.35114,149.86,14.056640625,57
1773191261.6129851,149.81,14.056640625,57
1773191261.8729098,149.81,14.056640625,57
1773191262.134819,149.81,14.056640625,57
1773191262.3945036,149.81,14.056640625,57
1773191262.64798,149.81,14.056640625,57
1773191262.9051852,149.81,14.056640625,57
1773191263.166742,149.81,14.056640625,57
1773191263.4196672,149.81,14.056640625,57
1773191263.6850936,149.81,14.056640625,57
1773191263.9451468,149.81,14.056640625,57
1773191264.2050462,149.81,14.056640625,57
1773191264.4607944,149.81,14.056640625,57
1773191264.7184508,149.81,14.056640625,57
1773191264.978983,149.81,14.056640625,57
1773191265.240216,149.81,14.056640625,57
1773191265.4982507,149.81,14.056640625,57
1773191265.7549324,149.81,14.056640625,57
1773191266.01229,149.81,14.056640625,57
1773191266.2729046,149.81,14.056640625,57
1773191266.529349,149.81,14.056640625,58
1773191266.7888668,149.81,14.056640625,58
1773191267.0461862,149.81,14.056640625,57
1773191267.292868,149.81,14.056640625,57
1773191267.5534759,149.81,14.056640625,58
1773191267.8119543,149.81,14.056640625,58
1773191268.068346,149.81,14.056640625,57
1773191268.332264,149.81,14.056640625,58
1773191268.5936902,149.81,14.056640625,58
1773191268.8555267,149.81,14.056640625,58
1773191269.1173506,149.91,14.056640625,58
1773191269.378699,149.91,14.056640625,58
1773191269.6405804,149.91,14.056640625,58
1773191269.902245,149.91,14.056640625,58
1773191270.16426,149.91,14.056640625,58
1773191270.4251068,149.91,14.056640625,58
1773191270.6879528,149.91,14.056640625,58
1773191270.9513028,149.91,14.056640625,58
1773191271.2116444,149.91,14.056640625,58
1773191271.4696372,149.91,14.056640625,58
1773191271.7299056,149.91,14.056640625,58
1773191271.9920073,149.91,14.056640625,58
1773191272.2528934,149.91,14.056640625,58
1773191272.5132754,149.91,14.056640625,58
1773191272.7749245,149.91,14.056640625,58
1773191273.0350933,149.91,14.056640625,58
1773191273.2966843,149.91,14.056640625,58
1773191273.55712,149.91,14.056640625,58
1773191273.8178787,149.91,14.056640625,58
1773191274.0779898,149.91,14.056640625,58
1773191274.333175,149.91,14.056640625,58
1773191274.597288,149.91,14.056640625,58
1773191274.8551912,149.91,14.056640625,58
1773191275.116265,149.88,14.056640625,58
1773191275.3806052,149.88,14.056640625,58
1773191275.6431363,149.88,14.056640625,58
1773191275.89318,149.88,14.056640625,58
1773191276.1539612,149.88,14.056640625,58
1773191276.4157357,149.88,14.056640625,58
1773191276.6768525,149.88,14.056640625,58
1773191276.9384167,149.88,14.056640625,58
1773191277.1994195,149.88,14.056640625,58
1773191277.4619908,149.88,14.056640625,58
1773191277.7217383,149.88,14.056640625,58
1773191277.9826083,149.88,14.056640625,58
1773191278.2459776,149.88,14.056640625,58
1773191278.50675,149.88,14.056640625,58
1773191278.767365,149.88,14.056640625,58
1773191279.0290654,149.88,14.056640625,58
1773191279.29045,149.88,14.056640625,58
1773191279.5413094,149.88,14.056640625,58
1773191279.8034081,149.88,14.056640625,58
1773191280.0656302,149.88,14.056640625,58
1773191280.3267539,149.88,14.056640625,58
1773191280.5892775,149.88,14.056640625,58
1773191280.8490548,149.88,14.056640625,58
1773191281.1104016,149.91,14.056640625,58
1773191281.370903,149.91,14.056640625,58
1773191281.6299348,149.91,14.056640625,58
1773191281.8934138,149.91,14.056640625,58
1773191282.1550016,149.91,14.056640625,58
1773191282.4163225,149.91,14.056640625,58
1773191282.6781116,149.91,14.056640625,58
1773191282.939879,149.91,14.056640625,58
1773191283.2019694,149.91,14.056640625,58
1773191283.463004,149.91,14.056640625,58
1773191283.7250714,149.91,14.056640625,58
1773191283.98501,149.91,14.056640625,58
1773191284.2461123,149.91,14.056640625,58
1773191284.508371,149.91,14.056640625,58
1773191284.7713504,149.91,14.056640625,58
1773191285.0330527,149.91,14.056640625,58
1773191285.2947912,149.91,14.056640625,58
1773191285.5586698,149.91,14.056640625,58
1773191285.8214204,149.91,14.056640625,58
1773191286.0812647,149.91,14.056640625,58
1773191286.3409731,149.91,14.056640625,58
1773191286.6020474,149.91,14.056640625,58
1773191286.8538206,149.91,14.056640625,58
1773191287.1142526,149.87,14.056640625,58
1773191287.3746114,149.87,14.056640625,58
1773191287.6360726,149.87,14.056640625,58
1773191287.8978503,149.87,14.056640625,58
1773191288.1581926,149.87,14.056640625,58
1773191288.4209948,149.87,14.056640625,58
1773191288.6819751,149.87,14.056640625,58
1773191288.943291,149.87,14.056640625,58
1773191289.2058609,149.87,14.056640625,58
1773191289.4673119,149.87,14.056640625,58
1773191289.7361515,149.87,14.056640625,58
1773191289.9999692,149.87,14.056640625,58
1773191290.2621288,149.87,14.056640625,58
1773191290.5228434,149.87,14.056640625,58
1773191290.782756,149.87,14.056640625,58
1773191291.0441473,149.87,14.056640625,58
1773191291.3047926,149.87,14.056640625,58
1773191291.566314,149.87,14.056640625,58
1773191291.8278897,149.87,14.056640625,58
1773191292.0890715,149.87,14.056640625,58
1773191292.3491526,149.87,14.056640625,58
1773191292.610184,150.23,14.056640625,58
1773191292.8779087,150.23,14.056640625,58
1773191293.1388428,150.23,14.056640625,58
1773191293.3990295,150.23,14.056640625,58
1773191293.658405,150.23,14.056640625,58
1773191293.919944,150.23,14.056640625,58
1773191294.1819801,150.23,14.056640625,58
1773191294.4427602,150.23,14.056640625,58
1773191294.70485,150.23,14.056640625,58
1773191294.9654162,150.23,14.056640625,58
1773191295.2264569,150.23,14.056640625,58
1773191295.4884698,150.23,14.056640625,58
1773191295.7482343,150.23,14.056640625,59
1773191296.0089407,150.23,14.056640625,58
1773191296.2694278,150.23,14.056640625,58
1773191296.5260084,150.23,14.056640625,58
1773191296.7866533,150.23,14.056640625,59
1773191297.0484145,150.23,14.056640625,58
1773191297.3101304,150.23,14.056640625,58
1773191297.5721395,150.23,14.056640625,58
1773191297.833653,150.23,14.056640625,59
1773191298.0950487,150.23,14.056640625,59
1773191298.3560522,150.23,14.056640625,58
1773191298.616051,149.96,14.056640625,59
1773191298.8769987,149.96,14.056640625,59
1773191299.138438,149.96,14.056640625,59
1773191299.3994272,149.96,14.056640625,59
1773191299.661304,149.96,14.056640625,59
1773191299.9219022,149.96,14.056640625,59
1773191300.1796186,149.96,14.056640625,58
1773191300.4369426,149.96,14.056640625,59
1773191300.6964085,149.96,14.056640625,59
1773191300.9570422,149.96,14.056640625,59
1773191301.2178476,149.96,14.056640625,59
1773191301.4791245,149.96,14.056640625,59
1773191301.7318838,149.96,14.056640625,59
1773191301.9914749,149.96,14.056640625,59
1773191302.253919,149.96,14.056640625,59
1773191302.5143003,149.96,14.056640625,59
1773191302.7761078,149.96,14.056640625,59
1773191303.0384984,149.96,14.056640625,59
1773191303.2992852,149.96,14.056640625,59
1773191303.561073,149.96,14.056640625,59
1773191303.8194804,149.96,14.056640625,59
1773191304.0810533,149.96,14.056640625,59
1773191304.3413134,149.96,14.056640625,59
1773191304.6033456,149.96,14.056640625,59
1773191304.8649497,149.96,14.056640625,59
1773191305.1210287,149.79,14.056640625,59
1773191305.3832443,149.79,14.056640625,59
1773191305.6438308,149.79,14.056640625,59
1773191305.9049482,149.79,14.056640625,59
1773191306.1663287,149.79,14.056640625,59
1773191306.426459,149.79,14.056640625,59
1773191306.688705,149.79,14.056640625,59
1773191306.949474,149.79,14.056640625,59
1773191307.2125568,149.79,14.056640625,59
1773191307.489911,149.79,14.056640625,59
1773191307.7449536,149.79,14.056640625,59
1773191307.9944415,149.79,14.056640625,59
1773191308.2365785,149.79,14.056640625,59
1773191308.4943726,149.79,14.056640625,59
1773191308.7441204,149.79,14.056640625,59
1773191308.9987607,149.79,14.056640625,59
1773191309.253677,149.79,14.056640625,59
1773191309.5149336,149.79,14.056640625,59
1773191309.7772229,149.79,14.056640625,59
1773191310.0388079,149.79,14.056640625,59
1773191310.3019874,149.79,14.056640625,59
1773191310.564799,149.79,14.056640625,59
1773191310.827447,149.79,14.056640625,59
1773191311.0882244,149.79,14.056640625,59
1773191311.349835,149.79,14.056640625,59
1773191311.6082854,149.79,14.056640625,59
1773191311.8699152,149.79,14.056640625,59
1773191312.1306868,149.79,14.056640625,59
1773191312.3871486,149.79,14.056640625,59
1773191312.6480694,149.79,14.056640625,59
1773191312.9111202,149.79,14.056640625,59
1773191313.17312,149.79,14.056640625,59
1773191313.4351506,149.79,14.056640625,59
1773191313.6964314,149.79,14.056640625,59
1773191313.9569817,149.79,14.056640625,59
1773191314.2172167,149.79,14.056640625,59
1773191314.4790287,149.79,14.056640625,59
1773191314.7407007,149.79,14.056640625,59
1773191315.0031235,149.79,14.056640625,59
1773191315.2649214,149.79,14.056640625,59
1773191315.525899,149.79,14.056640625,59
1773191315.7859495,149.79,14.056640625,59
1773191316.0478394,149.79,14.056640625,59
1773191316.30871,149.79,14.056640625,59
1773191316.567868,149.79,14.056640625,59
1773191316.828729,149.79,14.056640625,59
1773191317.089796,149.79,14.056640625,59
1773191317.3528986,149.79,14.056640625,59
1773191317.6152413,149.78,14.056640625,59
1773191317.8766997,149.78,14.056640625,59
1773191318.1319633,149.78,14.056640625,59
1773191318.3937888,149.78,14.056640625,59
1773191318.6564608,149.78,14.056640625,59
1773191318.912314,149.78,14.056640625,59
1773191319.1753435,149.78,14.056640625,59
1773191319.4349144,149.78,14.056640625,59
1773191319.6966329,149.78,14.056640625,59
1773191319.962454,149.78,14.056640625,59
1773191320.2274196,149.78,14.056640625,59
1773191320.4880776,149.78,14.056640625,59
1773191320.7503495,149.78,14.056640625,59
1773191321.0211086,149.78,14.056640625,59
1773191321.282233,149.78,14.056640625,59
1773191321.5422587,149.78,14.056640625,59
1773191321.8026245,149.78,14.056640625,59
1773191322.041979,149.78,14.056640625,59
1773191322.3038416,149.78,14.056640625,59
1773191322.5636134,149.78,14.056640625,59
1773191322.8249176,149.78,14.056640625,59
1773191323.0729108,149.78,14.056640625,59
1773191323.314447,149.78,14.056640625,59
1773191323.576936,149.78,14.056640625,59
1773191323.8251424,149.78,14.056640625,59
1773191324.0841944,149.78,14.056640625,59
1773191324.3447092,149.78,14.056640625,59
1773191324.6031556,149.78,14.056640625,59
1773191324.8629565,149.78,14.056640625,59
1773191325.108133,149.78,14.056640625,59
1773191325.370071,149.78,14.056640625,59
1773191325.6326952,149.67,14.056640625,59
1773191325.8940468,149.67,14.056640625,59
1773191326.1556823,149.67,14.056640625,59
1773191326.4166474,149.67,14.056640625,59
1773191326.6808724,149.67,14.056640625,59
1773191326.9301171,149.67,14.056640625,59
1773191327.1796048,149.67,14.056640625,59
1773191327.4412944,149.67,14.056640625,59
1773191327.7024467,149.67,14.056640625,59
1773191327.964255,149.67,14.056640625,59
1773191328.2252064,149.67,14.056640625,59
1773191328.4861135,149.67,14.056640625,59
1773191328.7483726,149.67,14.056640625,59
1773191329.0007915,149.67,14.056640625,59
1773191329.2623503,149.67,14.056640625,59
1773191329.5164592,149.67,14.056640625,59
1773191329.7788115,149.67,14.056640625,59
1773191330.041349,149.67,14.056640625,59
1773191330.3037598,149.67,14.056640625,59
1773191330.5661368,149.67,14.056640625,59
1773191330.8262463,149.67,14.056640625,59
1773191331.088236,149.67,14.056640625,59
1773191331.3484366,149.67,14.056640625,59
1773191331.610793,149.67,14.056640625,59
1773191331.864915,149.67,14.056640625,59
1773191332.1251814,149.87,14.056640625,59
1773191332.3862615,149.87,14.056640625,59
1773191332.6470237,149.87,14.056640625,59
1773191332.9081242,149.87,14.056640625,59
1773191333.1710472,149.87,14.056640625,59
1773191333.4308572,149.87,14.056640625,59
1773191333.6923332,149.87,14.056640625,59
1773191333.9526985,149.87,14.056640625,59
1773191334.214327,149.87,14.056640625,59
1773191334.4757595,149.87,14.056640625,59
1773191334.7329624,149.87,14.056640625,59
1773191334.9922473,149.87,14.056640625,59
1773191335.2533026,149.87,14.056640625,59
1773191335.5234818,149.87,14.056640625,59
1773191335.7856147,149.87,14.056640625,59
1773191336.0468025,149.87,14.056640625,59
1773191336.3076649,149.87,14.056640625,59
1773191336.5689948,149.87,14.056640625,59
1773191336.832656,149.87,14.056640625,59
1773191337.092577,149.87,14.056640625,59
1773191337.3539073,149.87,14.056640625,59
1773191337.6154664,149.84,14.056640625,59
1773191337.878138,149.84,14.056640625,59
1773191338.1401124,149.84,14.056640625,59
1773191338.399917,149.84,14.056640625,59
1773191338.6621902,149.84,14.056640625,59
1773191338.9248405,149.84,14.056640625,59
1773191339.1914144,149.84,14.056640625,59
1773191339.454869,149.84,14.056640625,59
1773191339.716517,149.84,14.056640625,59
1773191339.9790132,149.84,14.056640625,59
1773191340.2397296,149.84,14.056640625,59
1773191340.500466,149.84,14.056640625,59
1773191340.7638774,149.84,14.056640625,59
1773191341.024918,149.84,14.056640625,59
1773191341.286057,149.84,14.056640625,59
1773191341.5483115,149.84,14.056640625,59
1773191341.8138194,149.84,14.056640625,59
1773191342.076419,149.84,14.056640625,59
1773191342.3371258,149.84,14.056640625,59
1773191342.5987358,149.84,14.056640625,59
1773191342.851367,149.84,14.056640625,59
1773191343.112435,149.71,14.056640625,59
1773191343.3740451,149.71,14.056640625,59
1773191343.6357253,149.71,14.056640625,59
1773191343.8971398,149.71,14.056640625,59
1773191344.1597424,149.71,14.056640625,59
1773191344.4217923,149.71,14.056640625,59
1773191344.6849692,149.71,14.056640625,59
1773191344.9461,149.71,14.056640625,59
1773191345.2088945,149.71,14.056640625,59
1773191345.469703,149.71,14.056640625,59
1773191345.7309146,149.71,14.056640625,59
1773191345.9923148,149.71,14.056640625,59
1773191346.249919,149.71,14.056640625,59
1773191346.5158029,149.71,14.056640625,59
1773191346.7777567,149.71,14.056640625,59
1773191347.0396583,149.71,14.056640625,59
1773191347.3020437,149.71,14.056640625,59
1773191347.5631473,149.71,14.056640625,59
1773191347.8287542,149.71,14.056640625,59
1773191348.0810626,149.71,14.056640625,59
1773191348.3383186,149.71,14.056640625,59
1773191348.5986853,149.71,14.056640625,59
1773191348.8607163,149.71,14.056640625,59
1773191349.1242466,149.75,14.056640625,59
1773191349.3848677,149.75,14.056640625,59
1773191349.639932,149.75,14.056640625,59
1773191349.9061031,149.75,14.056640625,59
1773191350.177586,149.75,14.056640625,59
1773191350.4398565,149.75,14.056640625,59
1773191350.7004485,149.75,14.056640625,59
1773191350.9636827,149.75,14.056640625,59
1773191351.225954,149.75,14.056640625,59
1773191351.4900098,149.75,14.056640625,59
1773191351.75192,149.75,14.056640625,59
1773191352.0024645,149.75,14.056640625,59
1773191352.255047,149.75,14.056640625,59
1773191352.5110068,149.75,14.056640625,59
1773191352.7643538,149.75,14.056640625,59
1773191353.0204294,149.75,14.056640625,59
1773191353.2759564,149.75,14.056640625,59
1773191353.5380065,149.75,14.056640625,59
1773191353.7996752,149.75,14.056640625,59
1773191354.0610733,149.75,14.056640625,59
1773191354.323017,149.75,14.056640625,59
1773191354.5869162,149.75,14.056640625,59
1773191354.8483377,149.75,14.056640625,59
1773191355.1127903,149.75,14.056640625,59
1773191355.366277,149.75,14.056640625,59
1773191355.614422,149.83,14.056640625,59
1773191355.874452,149.83,14.056640625,59
1773191356.1363573,149.83,14.056640625,59
1773191356.3998706,149.83,14.056640625,59
1773191356.6621912,149.83,14.056640625,59
1773191356.92247,149.83,14.056640625,59
1773191357.1846895,149.83,14.056640625,59
1773191357.449096,149.83,14.056640625,59
1773191357.7128847,149.83,14.056640625,59
1773191357.9737163,149.83,14.056640625,59
1773191358.2336533,149.83,14.056640625,59
1773191358.4976504,149.83,14.056640625,59
1773191358.7601633,149.83,14.056640625,59
1773191359.0233335,149.83,14.056640625,59
1773191359.2854629,149.83,14.056640625,59
1773191359.5487761,149.83,14.056640625,59
1773191359.808897,149.83,14.056640625,59
1773191360.0699928,149.83,14.056640625,59
1773191360.3332446,149.83,14.056640625,59
1773191360.5964117,149.83,14.056640625,59
1773191360.8582737,149.83,14.056640625,59
1773191361.1195424,149.84,14.056640625,59
1773191361.37896,149.84,14.056640625,59
1773191361.6408465,149.84,14.056640625,59
1773191361.9018533,149.84,14.056640625,59
1773191362.163749,149.84,14.056640625,59
1773191362.4274673,149.84,14.056640625,59
1773191362.6893148,149.84,14.056640625,59
1773191362.9510264,149.84,14.056640625,59
1773191363.2043374,149.84,14.056640625,59
1773191363.4664438,149.84,14.056640625,59
1773191363.730103,149.84,14.056640625,59
1773191363.9933007,149.84,14.056640625,59
1773191364.2535312,149.84,14.056640625,59
1773191364.5140715,149.84,14.056640625,59
1773191364.7762463,149.84,14.056640625,59
1773191365.0373352,149.84,14.056640625,59
1773191365.2974823,149.84,14.056640625,59
1773191365.558143,149.84,14.056640625,59
1773191365.8182204,149.84,14.056640625,59
1773191366.0806115,149.84,14.056640625,59
1773191366.3412507,149.84,14.056640625,59
1773191366.6036227,149.84,14.056640625,59
1773191366.8559482,149.84,14.056640625,59
1773191367.1153624,149.89,14.056640625,59
1773191367.3781793,149.89,14.056640625,59
1773191367.6380117,149.89,14.056640625,59
1773191367.8975925,149.89,14.056640625,59
1773191368.158635,149.89,14.056640625,59
1773191368.4199243,149.89,14.056640625,59
1773191368.6848793,149.89,14.056640625,59
1773191368.947171,149.89,14.056640625,59
1773191369.2088904,149.89,14.056640625,59
1773191369.4697144,149.89,14.056640625,59
1773191369.7304718,149.89,14.056640625,59
1773191369.9925866,149.89,14.056640625,59
1773191370.25498,149.89,14.056640625,59
1773191370.5162306,149.89,14.056640625,59
1773191370.7779047,149.89,14.056640625,59
1773191371.038463,149.89,14.056640625,59
1773191371.3002665,149.89,14.056640625,59
1773191371.5616257,149.89,14.056640625,59
1773191371.8233354,149.89,14.056640625,59
1773191372.0794795,149.89,14.056640625,59
1773191372.3399563,149.89,14.056640625,59
1773191372.5999355,149.89,14.056640625,59
1773191372.862677,149.89,14.056640625,59
1773191373.124091,150.03,14.056640625,59
1773191373.3833554,150.03,14.056640625,59
1773191373.644407,150.03,14.056640625,59
1773191373.9060378,150.03,14.056640625,59
1773191374.167318,150.03,14.056640625,59
1773191374.427924,150.03,14.056640625,59
1773191374.6913202,150.03,14.056640625,59
1773191374.9522977,150.03,14.056640625,59
1773191375.21269,150.03,14.056640625,59
1773191375.4730647,150.03,14.056640625,59
1773191375.7221835,150.03,14.056640625,59
1773191375.9861858,150.03,14.056640625,59
1773191376.247634,150.03,14.056640625,59
1773191376.510776,150.03,14.056640625,59
1773191376.772469,150.03,14.056640625,59
1773191377.0282676,150.03,14.056640625,59
1773191377.2903485,150.03,14.056640625,59
1773191377.5529664,150.03,14.056640625,59
1773191377.8132493,150.03,14.056640625,59
1773191378.0742502,150.03,14.056640625,59
1773191378.3365786,150.03,14.056640625,59
1773191378.5983968,150.03,14.056640625,59
1773191378.8532557,150.03,14.056640625,59
1773191379.1143515,149.91,14.056640625,59
1773191379.3767345,149.91,14.056640625,59
1773191379.6401172,149.91,14.056640625,59
1773191379.9028912,149.91,14.056640625,59
1773191380.1646185,149.91,14.056640625,59
1773191380.4268064,149.91,14.056640625,59
1773191380.6919792,149.91,14.056640625,59
1773191380.9545872,149.91,14.056640625,59
1773191381.215221,149.91,14.056640625,59
1773191381.4770083,149.91,14.056640625,59
1773191381.740228,149.91,14.056640625,59
1773191382.0009122,149.91,14.056640625,59
1773191382.263593,149.91,14.056640625,59
1773191382.5256197,149.91,14.056640625,59
1773191382.78621,149.91,14.056640625,59
1773191383.048188,149.91,14.056640625,59
1773191383.3103473,149.91,14.056640625,59
1773191383.5727632,149.91,14.056640625,59
1773191383.8321826,149.91,14.056640625,59
1773191384.0968528,149.91,14.056640625,59
1773191384.3628242,149.91,14.056640625,59
1773191384.6251843,149.9,14.056640625,59
1773191384.8857098,149.9,14.056640625,59
1773191385.1471379,149.9,14.056640625,59
1773191385.409547,149.9,14.056640625,59
1773191385.6706722,149.9,14.056640625,59
1773191385.9334314,149.9,14.056640625,59
1773191386.193151,149.9,14.056640625,59
1773191386.4552715,149.9,14.056640625,59
1773191386.715394,149.9,14.056640625,59
1773191386.977188,149.9,14.056640625,59
1773191387.2388117,149.9,14.056640625,59
1773191387.4998052,149.9,14.056640625,59
1773191387.759034,149.9,14.056640625,59
1773191388.0158086,149.9,14.056640625,59
1773191388.276239,149.9,14.056640625,59
1773191388.5384238,149.9,14.056640625,59
1773191388.7993555,149.9,14.056640625,59
1773191389.062679,149.9,14.056640625,59
1773191389.3255281,149.9,14.056640625,59
1773191389.5869024,149.9,14.056640625,59
1773191389.8481436,149.9,14.056640625,59
1773191390.111958,149.9,14.056640625,59
1773191390.3743696,149.9,14.056640625,59
1773191390.638196,149.77,14.056640625,59
1773191390.8902185,149.77,14.056640625,59
1773191391.152714,149.77,14.056640625,59
1773191391.4130888,149.77,14.056640625,59
1773191391.680998,149.77,14.056640625,59
1773191391.9401789,149.77,14.056640625,59
1773191392.2011888,149.77,14.056640625,59
1773191392.4610956,149.77,14.056640625,59
1773191392.7239957,149.77,14.056640625,59
1773191392.9852192,149.77,14.056640625,59
1773191393.245926,149.77,14.056640625,59
1773191393.5051398,149.77,14.056640625,59
1773191393.7678702,149.77,14.056640625,59
1773191394.0280316,149.77,14.056640625,59
1773191394.289772,149.77,14.056640625,59
1773191394.551856,149.77,14.056640625,59
1773191394.8104513,149.77,14.056640625,59
1773191395.0702655,149.77,14.056640625,59
1773191395.3378835,149.77,14.056640625,59
1773191395.5969815,149.77,14.056640625,59
1773191395.860418,149.77,14.056640625,59
1773191396.1217573,149.85,14.056640625,59
1773191396.3830671,149.85,14.056640625,59
1773191396.6434329,149.85,14.056640625,59
1773191396.897318,149.85,14.056640625,59
1773191397.1610165,149.85,14.056640625,59
1773191397.4200163,149.85,14.056640625,59
1773191397.682399,149.85,14.056640625,59
1773191397.9448478,149.85,14.056640625,59
1773191398.2057726,149.85,14.056640625,59
1773191398.4669967,149.85,14.056640625,59
1773191398.7256563,149.85,14.056640625,59
1773191398.9846654,149.85,14.056640625,59
1773191399.2470949,149.85,14.056640625,59
1773191399.5099773,149.85,14.056640625,59
1773191399.771143,149.85,14.056640625,59
1773191400.031405,149.85,14.056640625,59
1773191400.2910926,149.85,14.056640625,59
1773191400.553262,149.85,14.056640625,59
1773191400.816924,149.85,14.056640625,59
1773191401.0794024,149.85,14.056640625,59
1773191401.33991,149.85,14.056640625,59
1773191401.601893,149.85,14.056640625,60
1773191401.864697,149.85,14.056640625,59
1773191402.1270204,149.85,14.056640625,59
1773191402.388451,149.85,14.056640625,59
1773191402.653948,149.85,14.056640625,59
1773191402.9114425,149.85,14.056640625,59
1773191403.1723015,149.85,14.056640625,59
1773191403.4311988,149.85,14.056640625,59
1773191403.6891348,149.85,14.056640625,59
1773191403.9500196,149.85,14.056640625,59
1773191404.2096937,149.85,14.056640625,59
1773191404.4698136,149.85,14.056640625,59
1773191404.7312653,149.85,14.056640625,59
1773191404.9924388,149.85,14.056640625,59
1773191405.2561953,149.85,14.056640625,59
1773191405.509266,149.85,14.056640625,59
1773191405.770167,149.85,14.056640625,59
1773191406.0296133,149.85,14.056640625,59
1773191406.2958078,149.85,14.056640625,59
1773191406.555233,149.85,14.056640625,59
1773191406.8198392,149.85,14.056640625,59
1773191407.0779934,149.85,14.056640625,59
1773191407.3382604,149.85,14.056640625,59
1773191407.599661,149.85,14.056640625,59
1773191407.8609955,149.85,14.056640625,59
1773191408.1229663,149.77,14.056640625,59
1773191408.383201,149.77,14.056640625,59
1773191408.6443539,149.77,14.056640625,59
1773191408.90646,149.77,14.056640625,59
1773191409.1647658,149.77,14.056640625,59
1773191409.426089,149.77,14.056640625,60
1773191409.6881108,149.77,14.056640625,59
1773191409.9559393,149.77,14.056640625,59
1773191410.2169113,149.77,14.056640625,59
1773191410.4787831,149.77,14.056640625,60
1773191410.7416794,149.77,14.056640625,59
1773191411.0045872,149.77,14.056640625,59
1773191411.266867,149.77,14.056640625,59
1773191411.526898,149.77,14.056640625,59
1773191411.7862296,149.77,14.056640625,59
1773191412.0476358,149.77,14.056640625,59
1773191412.3098059,149.77,14.056640625,59
1773191412.5719726,149.77,14.056640625,59
1773191412.8337822,149.77,14.056640625,59
1773191413.0950744,149.77,14.056640625,59
1773191413.3559587,149.77,14.056640625,59
1773191413.6248605,149.93,14.056640625,59
1773191413.8852966,149.93,14.056640625,59
1773191414.1472287,149.93,14.056640625,59
1773191414.4086592,149.93,14.056640625,59
1773191414.6697764,149.93,14.056640625,59
1773191414.9328208,149.93,14.056640625,59
1773191415.1936452,149.93,14.056640625,59
1773191415.4458268,149.93,14.056640625,59
1773191415.7062528,149.93,14.056640625,59
1773191415.9660513,149.93,14.056640625,59
1773191416.2293637,149.93,14.056640625,59
1773191416.4899702,149.93,14.056640625,59
1773191416.7512271,149.93,14.056640625,59
1773191417.011952,149.93,14.056640625,59
1773191417.2762682,149.93,14.056640625,60
1773191417.5366194,149.93,14.056640625,59
1773191417.7997315,149.93,14.056640625,59
1773191418.0589783,149.93,14.056640625,59
1773191418.3211837,149.93,14.056640625,60
1773191418.5827737,149.93,14.056640625,59
1773191418.8371873,149.93,14.056640625,59
1773191419.0974007,149.93,14.056640625,59
1773191419.3597226,149.93,14.056640625,59
1773191419.6203973,149.77,14.056640625,59
1773191419.87993,149.77,14.056640625,59
1773191420.1396384,149.77,14.056640625,59
1773191420.4021628,149.77,14.056640625,60
1773191420.664045,149.77,14.056640625,59
1773191420.9248836,149.77,14.056640625,59
1773191421.187769,149.77,14.056640625,59
1773191421.4492865,149.77,14.056640625,59
1773191421.710169,149.77,14.056640625,59
1773191421.9718106,149.77,14.056640625,59
1773191422.2320592,149.77,14.056640625,59
1773191422.4935627,149.77,14.056640625,59
1773191422.756048,149.77,14.056640625,59
1773191423.0166311,149.77,14.056640625,59
1773191423.279046,149.77,14.056640625,59
1773191423.5409908,149.77,14.056640625,59
1773191423.7943685,149.77,14.056640625,59
1773191424.0551765,149.77,14.056640625,59
1773191424.315284,149.77,14.056640625,59
1773191424.5789137,149.77,14.056640625,59
1773191424.8399458,149.77,14.056640625,59
1773191425.1030042,149.77,14.056640625,60
1773191425.36666,149.77,14.056640625,59
1773191425.628819,149.8,14.056640625,59
1773191425.8911793,149.8,14.056640625,59
1773191426.15294,149.8,14.056640625,60
1773191426.4138186,149.8,14.056640625,59
1773191426.6757803,149.8,14.056640625,59
1773191426.9372463,149.8,14.056640625,59
1773191427.1986556,149.8,14.056640625,60
1773191427.4590158,149.8,14.056640625,59
1773191427.715991,149.8,14.056640625,59
1773191427.9731991,149.8,14.056640625,59
1773191428.2306674,149.8,14.056640625,60
1773191428.4906263,149.8,14.056640625,59
1773191428.7460313,149.8,14.056640625,59
1773191429.0033607,149.8,14.056640625,59
1773191429.2655716,149.8,14.056640625,59
1773191429.528274,149.8,14.056640625,59
1773191429.787908,149.8,14.056640625,59
1773191430.0481148,149.8,14.056640625,59
1773191430.3107703,149.8,14.056640625,60
1773191430.572898,149.8,14.056640625,59
1773191430.835854,149.8,14.056640625,59
1773191431.0969424,149.8,14.056640625,59
1773191431.3588037,149.8,14.056640625,59
1773191431.6130335,149.8,14.056640625,59
1773191431.881737,149.77,14.056640625,59
1773191432.1418233,149.77,14.056640625,59
1773191432.4039147,149.77,14.056640625,60
1773191432.6629348,149.77,14.056640625,59
1773191432.9237049,149.77,14.056640625,59
1773191433.183824,149.77,14.056640625,59
1773191433.442348,149.77,14.056640625,59
1773191433.703188,149.77,14.056640625,59
1773191433.9513078,149.77,14.056640625,59
1773191434.2117665,149.77,14.056640625,60
1773191434.4723074,149.77,14.056640625,59
1773191434.734793,149.77,14.056640625,59
1773191434.996463,149.77,14.056640625,59
1773191435.2571669,149.77,14.056640625,59
1773191435.5212219,149.77,14.056640625,59
1773191435.7811959,149.77,14.056640625,59
1773191436.0413055,149.77,14.056640625,60
1773191436.3013613,149.77,14.056640625,60
1773191436.5539212,149.77,14.056640625,59
1773191436.8166375,149.77,14.056640625,59
1773191437.0778944,149.77,14.056640625,59
1773191437.337837,149.77,14.056640625,59
1773191437.5978637,149.77,14.056640625,59
1773191437.858368,149.77,14.056640625,59
1773191438.1199696,149.95,14.056640625,59
1773191438.382472,149.95,14.056640625,60
1773191438.642838,149.95,14.056640625,59
1773191438.903986,149.95,14.056640625,59
1773191439.1672194,149.95,14.056640625,59
1773191439.4290187,149.95,14.056640625,59
1773191439.6894574,149.95,14.056640625,59
1773191439.942977,149.95,14.056640625,59
1773191440.2030551,149.95,14.056640625,60
1773191440.4506316,149.95,14.056640625,59
1773191440.7119749,149.95,14.056640625,59
1773191440.9730003,149.95,14.056640625,60
1773191441.2370944,149.95,14.056640625,59
1773191441.4990005,149.95,14.056640625,59
1773191441.7611146,149.95,14.056640625,59
1773191442.0229437,149.95,14.056640625,60
1773191442.2843924,149.95,14.056640625,60
1773191442.545265,149.95,14.056640625,59
1773191442.8074663,149.95,14.056640625,59
1773191443.058832,149.95,14.056640625,59
1773191443.3218312,149.95,14.056640625,59
1773191443.582907,149.95,14.056640625,59
1773191443.8454494,149.95,14.056640625,59
1773191444.1084075,149.95,14.056640625,59
1773191444.3584614,149.95,14.056640625,60
1773191444.6133225,149.95,14.056640625,59
1773191444.8770072,149.95,14.056640625,59
1773191445.1372366,149.86,14.056640625,60
1773191445.397078,149.86,14.056640625,59
1773191445.6577802,149.86,14.056640625,59
1773191445.9199874,149.86,14.056640625,59
1773191446.1816037,149.86,14.056640625,59
1773191446.4423447,149.86,14.056640625,59
1773191446.7050426,149.86,14.056640625,59
1773191446.968232,149.86,14.056640625,59
1773191447.229005,149.86,14.056640625,60
1773191447.489771,149.86,14.056640625,59
1773191447.7551875,149.86,14.056640625,59
1773191448.0178638,149.86,14.056640625,59
1773191448.2791932,149.86,14.056640625,59
1773191448.5398564,149.86,14.056640625,59
1773191448.8030329,149.86,14.056640625,60
1773191449.0671005,149.86,14.056640625,59
1773191449.3280315,149.86,14.056640625,59
1773191449.5894644,149.86,14.056640625,59
1773191449.850708,149.86,14.056640625,59
1773191450.1109579,149.86,14.056640625,59
1773191450.3718987,149.86,14.056640625,59
1773191450.6310296,149.99,14.056640625,59
1773191450.8926551,149.99,14.056640625,59
1773191451.1538033,149.99,14.056640625,59
1773191451.4059565,149.99,14.056640625,59
1773191451.666922,149.99,14.056640625,59
1773191451.92658,149.99,14.056640625,60
1773191452.1884615,149.99,14.056640625,60
1773191452.4497502,149.99,14.056640625,59
1773191452.7116308,149.99,14.056640625,59
1773191452.9728358,149.99,14.056640625,59
1773191453.235413,149.99,14.056640625,59
1773191453.498012,149.99,14.056640625,59
1773191453.7604508,149.99,14.056640625,59
1773191454.0209079,149.99,14.056640625,60
1773191454.281807,149.99,14.056640625,59
1773191454.540558,149.99,14.056640625,59
1773191454.802396,149.99,14.056640625,59
1773191455.0713272,149.99,14.056640625,59
1773191455.3299491,149.99,14.056640625,59
1773191455.5909567,149.99,14.056640625,59
1773191455.8516536,149.99,14.056640625,59
1773191456.1125827,149.99,14.056640625,60
1773191456.374025,149.99,14.056640625,59
1773191456.635155,150.0,14.056640625,60
1773191456.8979518,150.0,14.056640625,59
1773191457.1611955,150.0,14.056640625,59
1773191457.4227686,150.0,14.056640625,59
1773191457.6843624,150.0,14.056640625,60
1773191457.9458854,150.0,14.056640625,59
1773191458.207159,150.0,14.056640625,59
1773191458.468049,150.0,14.056640625,59
1773191458.7347825,150.0,14.056640625,60
1773191458.9958143,150.0,14.056640625,59
1773191459.257704,150.0,14.056640625,60
1773191459.5177352,150.0,14.056640625,59
1773191459.7797596,150.0,14.056640625,59
1773191460.0428503,150.0,14.056640625,59
1773191460.3042803,150.0,14.056640625,59
1773191460.5610454,150.0,14.056640625,59
1773191460.8223126,150.0,14.056640625,59
1773191461.0827217,150.0,14.056640625,59
1773191461.3428867,150.0,14.056640625,59
1773191461.607193,150.0,14.056640625,59
1773191461.8680506,150.0,14.056640625,59
1773191462.130107,149.72,14.056640625,59
1773191462.3969607,149.72,14.056640625,59
1773191462.6572926,149.72,14.056640625,59
1773191462.9192135,149.72,14.056640625,59
1773191463.1817749,149.72,14.056640625,59
1773191463.4420679,149.72,14.056640625,59
1773191463.7048838,149.72,14.056640625,59
1773191463.9652042,149.72,14.056640625,59
1773191464.2257879,149.72,14.056640625,59
1773191464.483011,149.72,14.056640625,60
1773191464.7452004,149.72,14.056640625,59
1773191465.0074127,149.72,14.056640625,59
1773191465.2682645,149.72,14.056640625,59
1773191465.527838,149.72,14.056640625,60
1773191465.787045,149.72,14.056640625,59
1773191466.0528193,149.72,14.056640625,59
1773191466.2980297,149.72,14.056640625,59
1773191466.553685,149.72,14.056640625,59
1773191466.8150222,149.72,14.056640625,59
1773191467.0726979,149.72,14.056640625,60
1773191467.3218534,149.72,14.056640625,59
1773191467.5827405,149.72,14.056640625,59
1773191467.846221,149.72,14.056640625,59
1773191468.1076849,149.72,14.056640625,59
1773191468.3690467,149.72,14.056640625,59
1773191468.6319053,149.85,14.056640625,59
1773191468.8933678,149.85,14.056640625,59
1773191469.1549351,149.85,14.056640625,59
1773191469.4170759,149.85,14.056640625,59
1773191469.667658,149.85,14.056640625,59
1773191469.9306183,149.85,14.056640625,59
1773191470.1908526,149.85,14.056640625,59
1773191470.4514115,149.85,14.056640625,59
1773191470.7126331,149.85,14.056640625,59
1773191470.974638,149.85,14.056640625,59
1773191471.2378926,149.85,14.056640625,59
1773191471.5006638,149.85,14.056640625,59
1773191471.760899,149.85,14.056640625,59
1773191472.0217342,149.85,14.056640625,59
1773191472.283293,149.85,14.056640625,60
1773191472.5449176,149.85,14.056640625,59
1773191472.805759,149.85,14.056640625,59
1773191473.0660133,149.85,14.056640625,59
1773191473.3270245,149.85,14.056640625,59
1773191473.5887303,149.85,14.056640625,59
1773191473.8504028,149.85,14.056640625,59
1773191474.1111581,149.85,14.056640625,59
1773191474.3721533,149.85,14.056640625,59
1773191474.6346798,149.92,14.056640625,59
1773191474.895253,149.92,14.056640625,59
1773191475.1563084,149.92,14.056640625,59
1773191475.4177985,149.92,14.056640625,59
1773191475.6795955,149.92,14.056640625,59
1773191475.9338703,149.92,14.056640625,59
1773191476.195869,149.92,14.056640625,59
1773191476.4584231,149.92,14.056640625,59
1773191476.7204587,149.92,14.056640625,59
1773191476.9832714,149.92,14.056640625,59
1773191477.245838,149.92,14.056640625,59
1773191477.5061564,149.92,14.056640625,59
1773191477.7679327,149.92,14.056640625,59
1773191478.0291286,149.92,14.056640625,59
1773191478.2876348,149.92,14.056640625,59
1773191478.5471847,149.92,14.056640625,59
1773191478.8101323,149.92,14.056640625,59
1773191479.0641637,149.92,14.056640625,59
1773191479.326139,149.92,14.056640625,59
1773191479.579325,149.92,14.056640625,59
1773191479.8398724,149.92,14.056640625,59
1773191480.1008832,149.92,14.056640625,59
1773191480.3632472,149.92,14.056640625,59
1773191480.623512,149.93,14.056640625,59
1773191480.8856802,149.93,14.056640625,59
1773191481.1471465,149.93,14.056640625,60
1773191481.4086776,149.93,14.056640625,59
1773191481.669396,149.93,14.056640625,59
1773191481.930985,149.93,14.056640625,59
1773191482.1911335,149.93,14.056640625,59
1773191482.4530678,149.93,14.056640625,59
1773191482.7148552,149.93,14.056640625,59
1773191482.9749005,149.93,14.056640625,59
1773191483.235822,149.93,14.056640625,59
1773191483.4989371,149.93,14.056640625,59
1773191483.7612681,149.93,14.056640625,59
1773191484.0226386,149.93,14.056640625,59
1773191484.2858295,149.93,14.056640625,60
1773191484.548422,149.93,14.056640625,59
1773191484.8102164,149.93,14.056640625,59
1773191485.0712907,149.93,14.056640625,59
1773191485.3329072,149.93,14.056640625,59
1773191485.595727,149.93,14.056640625,59
1773191485.8559568,149.93,14.056640625,59
1773191486.1182652,149.93,14.056640625,59
1773191486.366975,149.93,14.056640625,60
1773191486.6280878,149.77,14.056640625,59
1773191486.8909087,149.77,14.056640625,59
1773191487.153533,149.77,14.056640625,59
1773191487.4154136,149.77,14.056640625,59
1773191487.6773345,149.77,14.056640625,59
1773191487.9379227,149.77,14.056640625,59
1773191488.2022479,149.77,14.056640625,60
1773191488.464727,149.77,14.056640625,59
1773191488.7268887,149.77,14.056640625,59
1773191488.9878654,149.77,14.056640625,59
1773191489.240786,149.77,14.056640625,59
1773191489.5029342,149.77,14.056640625,59
1773191489.7618709,149.77,14.056640625,59
1773191490.022756,149.77,14.056640625,59
1773191490.2836807,149.77,14.056640625,60
1773191490.5455954,149.77,14.056640625,59
1773191490.8058002,149.77,14.056640625,59
1773191491.059437,149.77,14.056640625,59
1773191491.3198001,149.77,14.056640625,59
1773191491.581632,149.77,14.056640625,59
1773191491.842461,149.77,14.056640625,59
1773191492.1026871,149.77,14.056640625,59
1773191492.3629537,149.77,14.056640625,59
1773191492.6231484,149.68,14.056640625,59
1773191492.8838756,149.68,14.056640625,59
1773191493.1449463,149.68,14.056640625,59
1773191493.406268,149.68,14.056640625,59
1773191493.6603339,149.68,14.056640625,59
1773191493.9216077,149.68,14.056640625,59
1773191494.1811783,149.68,14.056640625,59
1773191494.4413369,149.68,14.056640625,59
1773191494.702039,149.68,14.056640625,59
1773191494.9630704,149.68,14.056640625,59
1773191495.2254474,149.68,14.056640625,59
1773191495.489679,149.68,14.056640625,59
1773191495.7426908,149.68,14.056640625,59
1773191496.0029883,149.68,14.056640625,60
1773191496.2567933,149.68,14.056640625,59
1773191496.5230794,149.68,14.056640625,59
1773191496.7867596,149.68,14.056640625,59
1773191497.0499566,149.68,14.056640625,59
1773191497.3110316,149.68,14.056640625,59
1773191497.57334,149.68,14.056640625,59
1773191497.8334548,149.68,14.056640625,59
1773191498.0939655,149.68,14.056640625,59
1773191498.3559785,149.68,14.056640625,59
1773191498.6151004,149.68,14.056640625,59
1773191498.8677654,149.68,14.056640625,59
1773191499.129526,149.96,14.056640625,59
1773191499.3899114,149.96,14.056640625,59
1773191499.6499183,149.96,14.056640625,59
1773191499.9110599,149.96,14.056640625,59
1773191500.182722,149.96,14.056640625,59
1773191500.445056,149.96,14.056640625,59
1773191500.7083263,149.96,14.056640625,59
1773191500.9704318,149.96,14.056640625,59
1773191501.232991,149.96,14.056640625,59
1773191501.4977305,149.96,14.056640625,59
1773191501.7604086,149.96,14.056640625,59
1773191502.0233185,149.96,14.056640625,59
1773191502.283402,149.96,14.056640625,59
1773191502.545898,149.96,14.056640625,59
1773191502.8104687,149.96,14.056640625,59
1773191503.0704968,149.96,14.056640625,59
1773191503.3318036,149.96,14.056640625,59
1773191503.5926616,149.96,14.056640625,59
1773191503.859741,149.96,14.056640625,60
1773191504.1214185,149.96,14.056640625,59
1773191504.3831568,149.96,14.056640625,59
1773191504.643435,149.44,14.056640625,59
1773191504.9049637,149.44,14.056640625,60
1773191505.1720564,149.44,14.056640625,59
1773191505.4351184,149.44,14.056640625,59
1773191505.6951718,149.44,14.056640625,59
1773191505.9571128,149.44,14.056640625,59
1773191506.2163472,149.44,14.056640625,59
1773191506.4783056,149.44,14.056640625,59
1773191506.7346954,149.44,14.056640625,59
1773191506.9968562,149.44,14.056640625,59
1773191507.2581437,149.44,14.056640625,59
1773191507.5237868,149.44,14.056640625,59
1773191507.7842581,149.44,14.056640625,59
1773191508.0468552,149.44,14.056640625,59
1773191508.3089564,149.44,14.056640625,59
1773191508.571111,149.44,14.056640625,59
1773191508.8331456,149.44,14.056640625,59
1773191509.093954,149.44,14.056640625,59
1773191509.3559887,149.44,14.056640625,59
1773191509.6189046,149.44,14.056640625,59
1773191509.8699229,149.44,14.056640625,59
1773191510.1324716,149.93,14.056640625,59
1773191510.393231,149.93,14.056640625,59
1773191510.6551404,149.93,14.056640625,59
1773191510.9154625,149.93,14.056640625,59
1773191511.1811109,149.93,14.056640625,59
1773191511.442892,149.93,14.056640625,59
1773191511.7035882,149.93,14.056640625,60
1773191511.963248,149.93,14.056640625,59
1773191512.2259324,149.93,14.056640625,59
1773191512.4876373,149.93,14.056640625,59
1773191512.748009,149.93,14.056640625,59
1773191513.0098948,149.93,14.056640625,59
1773191513.271231,149.93,14.056640625,59
1773191513.5321493,149.93,14.056640625,59
1773191513.79319,149.93,14.056640625,59
1773191514.055757,149.93,14.056640625,59
1773191514.3181922,149.93,14.056640625,59
1773191514.5788379,149.93,14.056640625,59
1773191514.8465264,149.93,14.056640625,59
1773191515.0998456,149.93,14.056640625,59
1773191515.3587432,149.93,14.056640625,59
1773191515.6203446,149.93,14.056640625,59
1773191515.88132,149.93,14.056640625,59
1773191516.1443467,149.84,14.056640625,59
1773191516.4053657,149.84,14.056640625,59
1773191516.6661613,149.84,14.056640625,59
1773191516.9274688,149.84,14.056640625,59
1773191517.1911669,149.84,14.056640625,59
1773191517.4516075,149.84,14.056640625,59
1773191517.712917,149.84,14.056640625,59
1773191517.9740267,149.84,14.056640625,59
1773191518.238318,149.84,14.056640625,59
1773191518.4950209,149.84,14.056640625,59
1773191518.7566383,149.84,14.056640625,59
1773191519.0199044,149.84,14.056640625,59
1773191519.2818785,149.84,14.056640625,59
1773191519.5418992,149.84,14.056640625,60
1773191519.8039355,149.84,14.056640625,59
1773191520.0659158,149.84,14.056640625,59
1773191520.3276253,149.84,14.056640625,59
1773191520.5891306,149.84,14.056640625,59
1773191520.8521435,149.84,14.056640625,59
1773191521.113996,149.84,14.056640625,59
1773191521.3759265,149.84,14.056640625,59
1773191521.6288784,149.77,14.056640625,59
1773191521.890863,149.77,14.056640625,59
1773191522.1514354,149.77,14.056640625,59
1773191522.4199607,149.77,14.056640625,59
1773191522.6846132,149.77,14.056640625,59
1773191522.938183,149.77,14.056640625,59
1773191523.192245,149.77,14.056640625,59
1773191523.4532456,149.77,14.056640625,59
1773191523.7133703,149.77,14.056640625,59
1773191523.9779587,149.77,14.056640625,59
1773191524.23905,149.77,14.056640625,59
1773191524.5018413,149.77,14.056640625,59
1773191524.7626183,149.77,14.056640625,59
1773191525.023967,149.77,14.056640625,59
1773191525.2856271,149.77,14.056640625,59
1773191525.546042,149.77,14.056640625,59
1773191525.8114352,149.77,14.056640625,59
1773191526.0724058,149.77,14.056640625,59
1773191526.3322735,149.77,14.056640625,59
1773191526.593431,149.77,14.056640625,59
1773191526.8559124,149.77,14.056640625,59
1773191527.116316,149.77,14.056640625,59
1773191527.3780708,149.77,14.056640625,60
1773191527.6407127,150.01,14.056640625,59
1773191527.9084442,150.01,14.056640625,59
1773191528.171735,150.01,14.056640625,59
1773191528.428921,150.01,14.056640625,59
1773191528.68775,150.01,14.056640625,59
1773191528.9468162,150.01,14.056640625,59
1773191529.2044296,150.01,14.056640625,59
1773191529.4615488,150.01,14.056640625,59
1773191529.7183197,150.01,14.056640625,59
1773191529.9739678,150.01,14.056640625,59
1773191530.2161336,150.01,14.056640625,59
1773191530.4658499,150.01,14.056640625,59
1773191530.731606,150.01,14.056640625,59
1773191530.9856477,150.01,14.056640625,59
1773191531.2357168,150.01,14.056640625,59
1773191531.4887402,150.01,14.056640625,59
1773191531.7488596,150.01,14.056640625,59
1773191532.0069509,150.01,14.056640625,59
1773191532.2698905,150.01,14.056640625,59
1773191532.5190115,150.01,14.056640625,59
1773191532.7823322,150.01,14.056640625,59
1773191533.0466187,150.01,14.056640625,59
1773191533.307051,150.01,14.056640625,59
1773191533.5696216,150.01,14.056640625,59
1773191533.832119,150.01,14.056640625,59
1773191534.0940382,150.01,14.056640625,59
1773191534.353809,150.01,14.056640625,59
1773191534.614836,150.01,14.056640625,59
1773191534.8752358,150.01,14.056640625,59
1773191535.1362975,149.34,14.056640625,59
1773191535.3930418,149.34,14.056640625,59
1773191535.6563385,149.34,14.056640625,59
1773191535.901283,149.34,14.056640625,59
1773191536.1562784,149.34,14.056640625,59
1773191536.4177547,149.34,14.056640625,59
1773191536.6749303,149.34,14.056640625,59
1773191536.92911,149.34,14.056640625,59
1773191537.1766007,149.34,14.056640625,59
1773191537.4299831,149.34,14.056640625,59
1773191537.680958,149.34,14.056640625,59
1773191537.948932,149.34,14.056640625,59
1773191538.2118413,149.34,14.056640625,59
1773191538.47397,149.34,14.056640625,59
1773191538.7297316,149.34,14.056640625,59
1773191538.9847765,149.34,14.056640625,59
1773191539.2369359,149.34,14.056640625,59
1773191539.4967961,149.34,14.056640625,59
1773191539.7576962,149.34,14.056640625,59
1773191540.0132406,149.34,14.056640625,59
1773191540.2660716,149.34,14.056640625,59
1773191540.5299428,149.34,14.056640625,59
1773191540.7840948,149.34,14.056640625,59
1773191541.0423136,149.34,14.056640625,59
1773191541.3039198,149.34,14.056640625,59
1773191541.5570822,149.34,14.056640625,59
1773191541.8158255,149.34,14.056640625,59
1773191542.0682805,149.34,14.056640625,59
1773191542.3239226,149.34,14.056640625,59
1773191542.5811014,149.34,14.056640625,59
1773191542.823287,149.34,14.056640625,59
1773191543.0834405,149.34,14.056640625,59
1773191543.345102,149.34,14.056640625,59
1773191543.6057246,149.34,14.056640625,59
1773191543.8682811,149.34,14.056640625,59
1773191544.1318824,150.4,14.056640625,59
1773191544.3961933,150.4,14.056640625,59
1773191544.6571987,150.4,14.056640625,59
1773191544.9169173,150.4,14.056640625,59
1773191545.1797814,150.4,14.056640625,59
1773191545.443683,150.4,14.056640625,59
1773191545.705063,150.4,14.056640625,59
1773191545.9650803,150.4,14.056640625,59
1773191546.2228787,150.4,14.056640625,59
1773191546.4906669,150.4,14.056640625,59
1773191546.7527297,150.4,14.056640625,59
1773191547.0151112,150.4,14.056640625,59
1773191547.2793727,150.4,14.056640625,59
1773191547.5409777,150.4,14.056640625,59
1773191547.8041337,150.4,14.056640625,59
1773191548.06674,150.4,14.056640625,59
1773191548.3283043,150.4,14.056640625,59
1773191548.591426,150.4,14.056640625,59
1773191548.8546386,150.4,14.056640625,59
1773191549.116257,150.4,14.056640625,59
1773191549.3746626,150.4,14.056640625,59
1773191549.626164,149.86,14.056640625,59
1773191549.8889823,149.86,14.056640625,59
1773191550.1589172,149.86,14.056640625,59
1773191550.419878,149.86,14.056640625,59
1773191550.6833162,149.86,14.056640625,59
1773191550.9440842,149.86,14.056640625,59
1773191551.2060266,149.86,14.056640625,59
1773191551.4682238,149.86,14.056640625,59
1773191551.729927,149.86,14.056640625,59
1773191551.9898376,149.86,14.056640625,59
1773191552.2522068,149.86,14.056640625,59
1773191552.5129535,149.86,14.056640625,59
1773191552.774922,149.86,14.056640625,59
1773191553.0333986,149.86,14.056640625,59
1773191553.2950652,149.86,14.056640625,59
1773191553.5559027,149.86,14.056640625,59
1773191553.823335,149.86,14.056640625,59
1773191554.084141,149.86,14.056640625,59
1773191554.351014,149.86,14.056640625,59
1773191554.6101782,149.86,14.056640625,59
1773191554.8779368,149.86,14.056640625,59
1773191555.1396453,149.93,14.056640625,59
1773191555.402365,149.93,14.056640625,59
1773191555.663264,149.93,14.056640625,59
1773191555.9259005,149.93,14.056640625,59
1773191556.1863964,149.93,14.056640625,59
1773191556.4488573,149.93,14.056640625,59
1773191556.7099822,149.93,14.056640625,59
1773191556.971214,149.93,14.056640625,59
1773191557.2326946,149.93,14.056640625,59
1773191557.4961233,149.93,14.056640625,59
1773191557.7571566,149.93,14.056640625,59
1773191558.017695,149.93,14.056640625,59
1773191558.279019,149.93,14.056640625,59
1773191558.542925,149.93,14.056640625,59
1773191558.805536,149.93,14.056640625,59
1773191559.0695798,149.93,14.056640625,59
1773191559.335942,149.93,14.056640625,59
1773191559.5970209,149.93,14.056640625,59
1773191559.8583493,149.93,14.056640625,59
1773191560.1206877,149.93,14.056640625,59
1773191560.3816235,149.93,14.056640625,59
1773191560.6454244,149.39,14.056640625,59
1773191560.9066017,149.39,14.056640625,59
1773191561.1609006,149.39,14.056640625,59
1773191561.4221694,149.39,14.056640625,59
1773191561.6839585,149.39,14.056640625,59
1773191561.9479854,149.39,14.056640625,59
1773191562.2106667,149.39,14.056640625,59
1773191562.4711878,149.39,14.056640625,59
1773191562.7330563,149.39,14.056640625,59
1773191562.995416,149.39,14.056640625,59
1773191563.2582235,149.39,14.056640625,59
1773191563.51613,149.39,14.056640625,59
1773191563.773929,149.39,14.056640625,59
1773191564.0263598,149.39,14.056640625,59
1773191564.287292,149.39,14.056640625,59
1773191564.5448632,149.39,14.056640625,59
1773191564.7956717,149.39,14.056640625,59
1773191565.0581691,149.39,14.056640625,59
1773191565.319065,149.39,14.056640625,59
1773191565.5798056,149.39,14.056640625,59
1773191565.8404362,149.39,14.056640625,59
1773191566.1037347,149.39,14.056640625,59
1773191566.3654037,149.39,14.056640625,59
1773191566.6260283,149.27,14.056640625,59
1773191566.8903968,149.27,14.056640625,59
1773191567.1527565,149.27,14.056640625,59
1773191567.4129703,149.27,14.056640625,59
1773191567.6729944,149.27,14.056640625,59
1773191567.9354057,149.27,14.056640625,59
1773191568.1953154,149.27,14.056640625,59
1773191568.455897,149.27,14.056640625,59
1773191568.717029,149.27,14.056640625,59
1773191568.9781358,149.27,14.056640625,59
1773191569.2399118,149.27,14.056640625,59
1773191569.500289,149.27,14.056640625,59
1773191569.7630572,149.27,14.056640625,59
1773191570.0171456,149.27,14.056640625,59
1773191570.2778146,149.27,14.056640625,59
1773191570.538879,149.27,14.056640625,59
1773191570.799204,149.27,14.056640625,59
1773191571.0612695,149.27,14.056640625,59
1773191571.3220842,149.27,14.056640625,59
1773191571.5828435,149.27,14.056640625,59
1773191571.8446922,149.27,14.056640625,59
1773191572.1068623,149.27,14.056640625,59
1773191572.3676867,149.27,14.056640625,59
1773191572.6164393,149.27,14.056640625,59
1773191572.8769188,149.27,14.056640625,59
1773191573.1389291,149.84,14.056640625,59
1773191573.401655,149.84,14.056640625,59
1773191573.6621764,149.84,14.056640625,59
1773191573.9232378,149.84,14.056640625,59
1773191574.1846955,149.84,14.056640625,59
1773191574.4459722,149.84,14.056640625,59
1773191574.7087212,149.84,14.056640625,59
1773191574.9692094,149.84,14.056640625,59
1773191575.2295773,149.84,14.056640625,59
1773191575.4893413,149.84,14.056640625,59
1773191575.7511833,149.84,14.056640625,59
1773191576.0141184,149.84,14.056640625,59
1773191576.274892,149.84,14.056640625,59
1773191576.5349197,149.84,14.056640625,59
1773191576.7959836,149.84,14.056640625,59
1773191577.0568063,149.84,14.056640625,59
1773191577.3173382,149.84,14.056640625,59
1773191577.5781276,149.84,14.056640625,59
1773191577.838912,149.84,14.056640625,59
1773191578.0987139,149.84,14.056640625,59
1773191578.3596768,149.84,14.056640625,59
1773191578.6229517,149.84,14.056640625,59
1773191578.8844068,149.84,14.056640625,59
1773191579.1459854,149.78,14.056640625,59
1773191579.407257,149.78,14.056640625,59
1773191579.6650283,149.78,14.056640625,59
1773191579.9280217,149.78,14.056640625,59
1773191580.188906,149.78,14.056640625,59
1773191580.4513075,149.78,14.056640625,59
1773191580.7180185,149.78,14.056640625,59
1773191580.9782581,149.78,14.056640625,59
1773191581.2398245,149.78,14.056640625,59
1773191581.504821,149.78,14.056640625,59
1773191581.7679958,149.78,14.056640625,59
1773191582.0312095,149.78,14.056640625,59
1773191582.291867,149.78,14.056640625,59
1773191582.5541084,149.78,14.056640625,59
1773191582.8150978,149.78,14.056640625,59
1773191583.0761213,149.78,14.056640625,59
1773191583.3370051,149.78,14.056640625,59
1773191583.600662,149.78,14.056640625,59
1773191583.8618984,149.78,14.056640625,59
1773191584.1238668,149.78,14.056640625,59
1773191584.373341,149.78,14.056640625,59
1773191584.626737,149.89,14.056640625,59
1773191584.890316,149.89,14.056640625,59
1773191585.151871,149.89,14.056640625,59
1773191585.4134233,149.89,14.056640625,59
1773191585.674677,149.89,14.056640625,59
1773191585.9367483,149.89,14.056640625,59
1773191586.197815,149.89,14.056640625,59
1773191586.4593897,149.89,14.056640625,59
1773191586.721765,149.89,14.056640625,59
1773191586.9829755,149.89,14.056640625,59
1773191587.24566,149.89,14.056640625,59
1773191587.5074358,149.89,14.056640625,59
1773191587.7691927,149.89,14.056640625,59
1773191588.0291686,149.89,14.056640625,59
1773191588.2913198,149.89,14.056640625,59
1773191588.552761,149.89,14.056640625,59
1773191588.8168983,149.89,14.056640625,59
1773191589.078079,149.89,14.056640625,59
1773191589.3400471,149.89,14.056640625,59
1773191589.600945,149.89,14.056640625,59
1773191589.8614016,149.89,14.056640625,59
1773191590.1201785,149.89,14.056640625,59
1773191590.3803658,149.89,14.056640625,59
1773191590.6409624,149.91,14.056640625,59
1773191590.9028575,149.91,14.056640625,59
1773191591.1633587,149.91,14.056640625,59
1773191591.424775,149.91,14.056640625,59
1773191591.6860824,149.91,14.056640625,59
1773191591.9464886,149.91,14.056640625,59
1773191592.2053125,149.91,14.056640625,59
1773191592.4668245,149.91,14.056640625,59
1773191592.7281494,149.91,14.056640625,59
1773191592.9900606,149.91,14.056640625,59
1773191593.251588,149.91,14.056640625,59
1773191593.505148,149.91,14.056640625,59
1773191593.7599206,149.91,14.056640625,59
1773191594.022557,149.91,14.056640625,59
1773191594.2835622,149.91,14.056640625,59
1773191594.5444736,149.91,14.056640625,59
1773191594.8056338,149.91,14.056640625,59
1773191595.0677397,149.91,14.056640625,59
1773191595.328969,149.91,14.056640625,59
1773191595.5906842,149.91,14.056640625,59
1773191595.8516827,149.91,14.056640625,59
1773191596.1139448,149.91,14.056640625,59
1773191596.374697,149.91,14.056640625,59
1773191596.6271923,149.91,14.056640625,59
1773191596.889112,149.91,14.056640625,59
1773191597.150229,149.9,14.056640625,59
1773191597.411012,149.9,14.056640625,59
1773191597.671673,149.9,14.056640625,59
1773191597.9330866,149.9,14.056640625,59
1773191598.1944373,149.9,14.056640625,59
1773191598.4540813,149.9,14.056640625,59
1773191598.715101,149.9,14.056640625,59
1773191598.9763722,149.9,14.056640625,59
1773191599.2388766,149.9,14.056640625,59
1773191599.4988961,149.9,14.056640625,59
1773191599.7591965,149.9,14.056640625,59
1773191600.0185876,149.9,14.056640625,59
1773191600.2840223,149.9,14.056640625,59
1773191600.5458775,149.9,14.056640625,59
1773191600.8054316,149.9,14.056640625,59
1773191601.0656073,149.9,14.056640625,59
1773191601.3192167,149.9,14.056640625,59
1773191601.5808058,149.9,14.056640625,59
1773191601.840768,149.9,14.056640625,59
1773191602.0982969,149.9,14.056640625,59
1773191602.3506594,149.9,14.056640625,59
1773191602.6016605,149.9,14.056640625,59
1773191602.8641312,149.9,14.056640625,59
1773191603.1247368,149.9,14.056640625,59
1773191603.3788278,149.9,14.056640625,59
1773191603.6406431,149.74,14.056640625,59
1773191603.9017694,149.74,14.056640625,59
1773191604.1631083,149.74,14.056640625,59
1773191604.4246855,149.74,14.056640625,59
1773191604.6851573,149.74,14.056640625,59
1773191604.946294,149.74,14.056640625,59
1773191605.2021136,149.74,14.056640625,59
1773191605.4619744,149.74,14.056640625,59
1773191605.7226388,149.74,14.056640625,59
1773191605.9840329,149.74,14.056640625,59
1773191606.2456324,149.74,14.056640625,59
1773191606.5082674,149.74,14.056640625,59
1773191606.7682912,149.74,14.056640625,59
1773191607.0305736,149.74,14.056640625,59
1773191607.2903595,149.74,14.056640625,59
1773191607.5518749,149.74,14.056640625,59
1773191607.8134193,149.74,14.056640625,59
1773191608.0737417,149.74,14.056640625,59
1773191608.3349001,149.74,14.056640625,59
1773191608.596355,149.74,14.056640625,59
1773191608.857907,149.74,14.056640625,59
1773191609.111251,149.74,14.056640625,59
1773191609.3730865,149.74,14.056640625,59
1773191609.6336715,149.68,14.056640625,59
1773191609.8938181,149.68,14.056640625,59
1773191610.1550033,149.68,14.056640625,59
1773191610.4158895,149.68,14.056640625,59
1773191610.669918,149.68,14.056640625,59
1773191610.929874,149.68,14.056640625,59
1773191611.190618,149.68,14.056640625,59
1773191611.449962,149.68,14.056640625,59
1773191611.7099574,149.68,14.056640625,59
1773191611.971103,149.68,14.056640625,59
1773191612.2309294,149.68,14.056640625,59
1773191612.495854,149.68,14.056640625,59
1773191612.7560277,149.68,14.056640625,59
1773191613.0170965,149.68,14.056640625,59
1773191613.277241,149.68,14.056640625,59
1773191613.5382922,149.68,14.056640625,59
1773191613.7998025,149.68,14.056640625,59
1773191614.0604491,149.68,14.056640625,59
1773191614.320992,149.68,14.056640625,59
1773191614.5817509,149.68,14.056640625,59
1773191614.8379993,149.68,14.056640625,59
1773191615.0993707,149.68,14.056640625,59
1773191615.359982,149.68,14.056640625,59
1773191615.613203,149.68,14.056640625,59
1773191615.872898,149.68,14.056640625,59
1773191616.1402204,149.88,14.056640625,59
1773191616.401401,149.88,14.056640625,59
1773191616.6610239,149.88,14.056640625,59
1773191616.9157798,149.88,14.056640625,59
1773191617.1778235,149.88,14.056640625,59
1773191617.4400728,149.88,14.056640625,59
1773191617.6996841,149.88,14.056640625,59
1773191617.9609249,149.88,14.056640625,59
1773191618.220857,149.88,14.056640625,59
1773191618.4820242,149.88,14.056640625,59
1773191618.7437031,149.88,14.056640625,59
1773191619.0054524,149.88,14.056640625,59
1773191619.2577634,149.88,14.056640625,59
1773191619.5210404,149.88,14.056640625,59
1773191619.7872903,149.88,14.056640625,59
1773191620.0499845,149.88,14.056640625,59
1773191620.3123536,149.88,14.056640625,59
1773191620.5749648,149.88,14.056640625,59
1773191620.8368819,149.88,14.056640625,59
1773191621.1006963,149.88,14.056640625,59
1773191621.3624423,149.88,14.056640625,59
