experiment_id,target_input_tokens,avg_actual_input_tokens,num_samples,avg_duration_ms,std_duration_ms,avg_ttft_ms,std_ttft_ms,avg_power_w,std_power_w,median_power_w,p95_power_w,peak_power_w,min_power_w,avg_active_power_w,std_active_power_w,active_median_power_w,active_p95_power_w,avg_active_sample_fraction,avg_energy_j,avg_energy_per_request_j,std_energy_j,avg_dynamic_energy_per_request_j,avg_dynamic_power_w,std_dynamic_power_w,avg_dynamic_energy_j,std_dynamic_energy_j,avg_idle_baseline_w,status_ok_count,status_error_count
prefill_token_power_modeling_1777904889,0,0.0,5,13.200998306274414,0.5340184203733045,0.0,0.0,67.7176,17.888686502926923,67.7176,67.7176,90.898,49.046,67.7176,17.888686502926923,67.7176,67.7176,1.0,0.8888984327316284,0.8888984327316284,0.2133452573235295,0.10941755930293688,8.492581818181819,12.021307359630681,0.10941755930293688,0.1541279642792459,65.35854545454545,0,5
prefill_token_power_modeling_1777904889,1,1.0,5,3009.8814487457275,6.128971186543504,69.96678973353187,0.14196404351371014,168.9548689871261,3.8047354812494985,209.26,211.5644,214.205,58.182,198.32108086865915,6.4898455491157865,211.1678,211.5644,0.7576158940397351,508.518521577096,11.826012129699908,10.592388657821477,7.25109414177803,103.59632353258066,3.8047354812494985,311.7970480964553,10.91803801626785,65.35854545454545,5,0
prefill_token_power_modeling_1777904889,2,2.0,5,3020.3068256378174,14.905398674221967,70.2088245125704,0.3461497201412802,167.30419555055218,4.0945463945005285,210.3124,211.21439999999998,214.164,56.647,198.99559849758498,5.134570394121601,210.5236,211.2578,0.7398346535082024,505.30367785422806,11.75124832219135,12.281393061065149,7.160484114048951,101.94565009600674,4.0945463945005285,307.9008169041049,12.25218751882525,65.35854545454545,5,0
prefill_token_power_modeling_1777904889,4,4.0,5,3052.1004676818848,5.875345115337552,70.94892235689385,0.13491796177713866,170.87895878785204,3.5264995037690015,209.4992,210.01340000000002,212.633,58.348,197.58027555485126,6.383137963116086,209.6798,210.0136,0.7808227118598635,521.5372223986865,12.128772613922942,10.66969739943611,7.489683145345595,105.52041333330658,3.5264995037690015,322.0563752498606,10.699906659944435,65.35854545454545,5,0
prefill_token_power_modeling_1777904889,8,8.0,5,3061.2711906433105,7.217262338487369,71.16283483283465,0.1656100269370857,162.92747442463613,3.560518943372498,204.5396,206.4794,209.764,56.708,191.8315934434744,8.187310332667089,206.2716,206.4794,0.75359477124183,498.76137764310835,11.599101805653683,10.736428827729654,6.9460731483897,97.5689289700907,3.560518943372498,298.6811453807571,10.783487876531957,65.35854545454545,5,0
prefill_token_power_modeling_1777904889,16,16.0,5,3039.025354385376,31.669210072960595,71.30971063147088,0.19296567869156916,167.54751889558432,2.791889180324223,207.2622,208.42399999999998,212.658,57.284,194.30189059311445,5.302915174784178,208.1102,208.42399999999998,0.7797410917005775,509.12169477734557,11.953308475870585,4.921343796634507,7.29060003354206,102.18897344103885,2.791889180324223,310.4954180152328,5.996776373182776,65.35854545454545,5,0
prefill_token_power_modeling_1777904889,24,24.0,5,3024.9821186065674,8.601558055800906,70.31425653501998,0.1997350602966446,168.9140227865885,3.366529289420291,212.28,212.8568,215.934,48.781,197.41900543187987,6.657360027519226,212.4264,212.8568,0.7693795747647264,510.9401092439175,11.88232812195157,8.82658532013909,7.284457626646115,103.55547733204305,3.366529289420291,313.23167794578296,9.346356227750604,65.35854545454545,5,0
prefill_token_power_modeling_1777904889,32,32.0,5,3035.8221530914307,14.53607302491368,70.56836527447368,0.3372890675683147,171.92814480434777,4.781093912503825,213.046,214.32503,215.363,57.169,202.08279034435154,1.4173452800436581,213.9596,214.3258,0.7602294506319274,521.9246221265793,12.137781909920447,13.8542460973047,7.5234349288799285,106.56959934980233,4.781093912503825,323.50770194183696,14.049422514309539,65.35854545454545,5,0
prefill_token_power_modeling_1777904889,40,40.0,5,3043.93253326416,11.918202128390853,70.7556358603544,0.27571285150129565,170.26740964606117,1.232306699860278,214.4944,214.90055,216.0,57.461,198.3909578999307,6.8037536035881425,214.617,214.948,0.7746362340789585,518.2896312338829,12.053247237997278,5.23165121593433,7.426572753441107,104.9088641915157,1.232306699860278,319.3426283979676,4.612760332945754,65.35854545454545,5,0
prefill_token_power_modeling_1777904889,48,48.0,5,3033.388662338257,5.2176147701049835,70.51156177077183,0.12039395024549754,168.9337409986793,4.679069253685566,214.1606,215.63240000000002,218.4,53.403,199.271182393238,7.111583279723242,215.239,215.654,0.7585999312005504,512.4315641350508,11.917013119419787,13.761693187985076,7.3063649620072795,103.57519554413385,4.679069253685566,314.17369336631305,13.925327055239203,65.35854545454545,5,0
prefill_token_power_modeling_1777904889,64,64.0,5,3041.375684738159,8.849440097851991,70.69731756698253,0.20603314043425985,175.21835031316365,4.754390866414467,220.395,220.9446,225.326,55.697,204.20910794915986,9.468655845781342,220.7292,220.9446,0.7808909528723771,532.9178552372695,12.393438493889986,15.133660572613074,7.770650332603748,109.8598048586182,4.754390866414467,334.1379643019611,14.869427091504251,65.35854545454545,5,0
prefill_token_power_modeling_1777904889,96,96.0,5,3032.9087257385254,15.751282961558681,73.93952346429592,0.38284636539755984,181.79641992604826,4.31925195582487,226.9678,228.702,229.559,57.428,210.79383195432956,5.623587469688444,228.0752,228.702,0.791486068111455,551.3409508298158,13.447340264141848,11.694325976594788,8.61254751266212,116.4378744715028,4.31925195582487,353.1144480191469,12.139123232736754,65.35854545454545,5,0
prefill_token_power_modeling_1777904889,128,128.0,5,3033.422565460205,18.02256197596638,73.95267253968774,0.43592440684369893,181.69921049317315,5.96043614912055,231.72560000000001,233.17340000000002,234.592,48.632,212.66901551438704,10.306240628084796,232.7656,233.17340000000002,0.7810192114489574,551.1734340888023,13.443254489970789,18.520048524148102,8.607642621007992,116.34066503862772,5.96043614912055,352.91334746132765,18.308126195702304,65.35854545454545,5,0
prefill_token_power_modeling_1777904889,160,160.0,5,3018.822479248047,5.293246341164307,83.82121589448717,0.14849604151969134,195.56059294080046,5.695739106792101,243.3794,245.0594,246.331,57.709,223.49474536141852,7.877427791705955,244.5576,245.0594,0.8175845242244685,590.3584068815708,16.39884463559919,17.041751673910635,10.918126684789826,130.20204748625503,5.695739106792099,393.0525606524338,17.086253784018513,65.35854545454545,5,0
prefill_token_power_modeling_1777904889,192,192.0,5,3018.578624725342,10.490662811130765,83.81450706058078,0.28915643841080363,194.29188727053912,3.692857306993943,248.7886,250.9606,251.82,55.683,228.3341477341806,11.247049425924695,250.1318,250.9606,0.7781369815266643,586.5064214513778,16.29184504031605,12.619984437048727,10.811569811087425,128.93334181599366,3.692857306993948,389.2165131991473,12.105792579170522,65.35854545454545,5,0
prefill_token_power_modeling_1777904889,224,224.0,5,3015.288782119751,6.1191163378503575,86.11491067068917,0.17628035378607354,200.8696758000936,4.782928642122935,246.8786,251.8564,253.451,56.821,230.18019179024745,4.894025547679658,251.2344,251.8564,0.8138027187173231,605.6810379395961,17.30517251255989,14.51149864568842,11.674461400424038,135.51113034554817,4.782928642122939,408.6061490148414,14.466667333494899,65.35854545454545,5,0
prefill_token_power_modeling_1777904889,256,256.0,5,3027.564525604248,6.622063967679186,86.46527699061802,0.18801017694835626,201.14320795910498,1.403395677993448,250.352,254.6932,255.17,57.979,233.5530977157832,6.86867705146164,253.7534,254.7388,0.7955733705123736,608.9764411627056,17.399326890363017,4.851310314227171,11.745692214269456,135.78466250455955,1.403395677993456,411.099227499431,4.623335693265846,65.35854545454545,5,0
prefill_token_power_modeling_1777904889,288,288.0,5,3028.2875537872314,39.86936368663497,100.23651851120816,0.39525345706636295,207.1533641285784,1.9547030796229186,259.479,260.0498,261.513,56.353,234.01654972669218,7.847425007798457,259.6512,260.0498,0.8347168404965547,627.328581329751,20.773135614300774,10.780828114038354,14.219185921305373,141.79481867403294,1.9547030796229188,429.404111596114,8.705637921445527,65.35854545454545,5,0
prefill_token_power_modeling_1777904889,320,320.0,5,3044.9888229370117,8.029514360196131,101.46239121754964,0.2665710725884855,207.01359695747317,4.019069495276393,255.5626,257.58,259.36,57.824,233.0854764239192,10.235171908159588,256.7864,257.58,0.8363322521991252,630.3604051654328,21.012013505514428,12.745255209265286,14.37814549243071,141.6550515029277,4.019069495276392,431.3443647729213,12.562365847950526,65.35854545454545,5,0
prefill_token_power_modeling_1777904889,352,352.0,5,3134.003782272339,4.448735349019291,104.42666212717691,0.14461972307289458,210.0671438352641,3.7311352967189735,262.6076,263.5142,267.853,56.623,231.75652181017082,12.293161630246445,262.664,263.5142,0.8651052164798839,658.3495026940584,21.94498342313528,11.619361676177968,15.117185801189814,144.70859838071863,3.7311352967189695,453.51557403569444,11.63765310404919,65.35854545454545,5,0
prefill_token_power_modeling_1777904889,384,384.0,5,3143.777322769165,9.02235572369761,104.74792003631592,0.29736162163763175,207.31193708836713,7.331505473652353,263.3954,265.1146,267.706,45.913,234.13046371568262,12.26814745450758,263.9624,265.1146,0.8374506167862614,651.7365307445765,21.724551024819217,22.91770363880836,14.875460589846625,141.9533916338217,7.33150547365236,446.2638176953988,22.94403090686685,65.35854545454545,5,0
prefill_token_power_modeling_1777904889,416,416.0,5,3538.585615158081,6.954236292910992,117.9131015141805,0.23187718682628175,220.58740061055911,3.573596373571101,261.9606,263.3554,264.663,53.948,247.34835312701856,3.788908777360494,262.5794,263.3554,0.8418079096045198,780.5802241873266,26.01934080624422,13.688715852848675,18.310113847140553,155.22885515601368,3.573596373571101,549.3034154142165,13.370539918132526,65.35854545454545,5,0
prefill_token_power_modeling_1777904889,448,448.0,5,3562.416648864746,17.684091172187166,118.70494365692139,0.5873454378851728,222.31327181869145,6.014224042197905,266.3782,267.46,272.504,56.676,246.72631294674835,7.542910340655106,266.5462,267.46,0.8564639539558603,791.9331131975567,26.397770439918556,19.95512736704203,18.636624757490022,156.954726364146,6.014224042197908,559.0987427247007,20.33730315147215,65.35854545454545,5,0
prefill_token_power_modeling_1777904889,480,480.0,5,3639.3950939178467,10.075125863647557,121.27314885457356,0.3342860203325063,226.88931250546753,3.536084919269516,265.2072,265.818,266.429,49.157,244.12041454197083,5.380167708197894,265.407,265.818,0.9023179006785564,825.7512713010073,27.52504237670024,13.945316242897732,19.59619005427093,161.53076705092207,3.536084919269506,587.885701628128,13.604783159040869,65.35854545454545,5,0
prefill_token_power_modeling_1777904889,512,512.0,5,3657.1919441223145,11.396349536673553,121.85591697692871,0.37790090811439225,228.1471994528026,5.389546954659172,268.204,269.18118,271.92,55.515,247.3182465305216,7.712860878687369,268.366,269.18760000000003,0.888336805745929,834.3862877571675,27.81287625857225,20.27098300100808,19.84525139470839,162.78865399825713,5.389546954659172,595.3575418412516,20.067957798429376,65.35854545454545,5,0
prefill_token_power_modeling_1777904889,640,640.0,3,3136.7889245351157,2.331163481129816,142.5402814691717,0.10655904002444189,214.3113197398749,1.822490733409842,260.95233333333334,262.3066666666667,264.017,56.336,241.7333320916407,7.310590582054578,261.063,262.3066666666667,0.8301486199575372,672.2521128773292,30.55691422169678,6.201062496772764,21.238006880535732,148.95277428532947,1.8224907334098268,467.2361513717861,6.053062341645528,65.35854545454545,3,0
prefill_token_power_modeling_1777904889,768,768.0,3,3103.472948074341,81.12396385269327,157.76718457539877,0.5234449499518746,230.6864719233757,1.903251589429256,276.53933333333333,277.4083166666667,277.865,58.566,258.0852787703815,2.290744899508723,276.53933333333333,277.4796666666667,0.8419258389918127,715.8703203209243,36.40600751942365,16.155358379051904,26.091524118354197,165.32792646883024,1.9032515894292625,513.0318425772552,11.220819479574477,65.35854545454545,3,0
prefill_token_power_modeling_1777904889,896,896.0,3,3122.603098551432,13.675282630416323,173.43139206921612,0.7579386407114027,232.19247148677152,6.260677575404728,273.378,275.23,276.097,58.571,248.76475181522716,7.772261328701152,273.378,275.23,0.9040639120256955,724.9882211961745,40.27712339978748,16.435282443676606,28.938856924610906,166.83392603222606,6.260677575404728,520.8994246429963,17.32153065012616,65.35854545454545,3,0
prefill_token_power_modeling_1777904889,1024,1026.0,3,3117.1313921610513,2.2160092393603894,207.75522126091852,0.14285132822260305,226.4230467823116,5.374206831898488,267.426,269.71366666666665,270.064,55.392,243.5623416252073,15.120050107411041,267.426,269.71366666666665,0.8956121726822364,705.7954360786275,47.0530290719085,17.073205469419776,33.47095081975193,161.06450132776612,5.374206831898494,502.06426229627886,16.97890075930066,65.35854545454545,3,0
prefill_token_power_modeling_1777904889,1280,1276.0,3,3190.181334813436,12.729522538692558,227.81502632867722,0.904289390748054,241.52424903479857,6.636061560575016,276.623,279.3516666666667,281.599,62.059,258.0574796531457,1.8299088794587208,277.241,279.3516666666667,0.9018987558107738,770.5574759197632,55.03981970855452,24.04932811381011,40.14656172429405,176.1657035802531,6.63606156057502,562.0518641401168,23.275764367326186,65.35854545454545,3,0
prefill_token_power_modeling_1777904889,1536,1536.0,3,3249.194065729777,9.20536561421972,270.6996268696255,0.7587784058978677,232.7627377830836,2.4195875890339447,267.409,268.4436666666667,268.773,88.353,245.72529833201997,13.136659679123346,267.409,268.4436666666667,0.9158903279557676,756.3052445249577,63.02543704374648,9.909969070597736,45.32855387410989,167.40419232853813,2.4195875890339598,543.9426464893188,9.332608933163536,65.35854545454545,3,0
prefill_token_power_modeling_1777904889,1792,1785.0,3,3243.5444990793862,5.684825154163964,294.7930711688417,0.5172241059917176,253.19692351809326,8.111030918403417,287.4073333333333,290.50166666666667,294.631,86.907,257.7344464185145,15.894337671342251,287.4073333333333,290.50166666666667,0.9711934156378601,821.2755871161747,74.66141701056134,27.25017690588356,55.38929423084126,187.83837806354782,8.111030918403431,609.2822365392539,26.9977359186236,65.35854545454545,3,0
prefill_token_power_modeling_1777904889,2048,2061.0,3,3505.87526957194,2.7178236888940517,350.5178451538086,0.26814437198285995,252.14602197468278,0.704274685288277,273.23266666666666,274.7966666666667,275.388,72.909,257.8600168281098,2.4246054291781696,273.23266666666666,274.7966666666667,0.961948051948052,883.9934994428952,88.39934994428951,3.0356136361531587,65.48545912786108,186.78747652013735,0.7042746852882759,654.8545912786108,2.884010455085435,65.35854545454545,3,0
prefill_token_power_modeling_1777904889,2304,2304.0,3,3771.9828287760415,6.05250330148924,377.12111473083496,0.6092808181734095,257.645016800353,3.3290304811798617,278.20266666666663,280.85566666666665,283.937,86.328,257.71526459793125,3.610571591560642,278.20266666666663,280.85566666666665,0.9946808510638298,971.8353210429748,97.18353210429747,12.977077175061808,72.53040098746509,192.28647134580754,3.3290304811798617,725.3040098746509,12.856733428228116,65.35854545454545,3,0
prefill_token_power_modeling_1777904889,2560,2560.0,3,4026.1550744374595,2.0935465560563062,402.5309006373088,0.21937913518185237,274.9423236980229,2.6380442312609618,290.11066666666665,294.284,295.052,120.361,274.0694582122391,2.4866422998632665,290.11066666666665,294.284,1.0,1106.9637494699953,110.69637494699953,11.144774282840485,84.38201100303257,209.5837782434775,2.6380442312609618,843.8201100303257,11.020311833211807,65.35854545454545,3,0
prefill_token_power_modeling_1777904889,2816,2816.0,3,4417.999903361003,18.592056187632167,441.72611236572266,1.8516985173084821,279.22297434357677,2.1475278885018594,287.97433333333333,290.235,292.753,180.437,278.7574346268111,1.9785273730824087,287.97433333333333,290.235,1.0,1233.5956742399535,123.35956742399534,8.65839068971161,94.4841626737956,213.86442888903136,2.1475278885018594,944.841626737956,8.58197061799081,65.35854545454545,3,0
prefill_token_power_modeling_1777904889,3000,3000.0,3,4825.37039120992,11.243237074376877,482.45166937510174,1.1216368383609165,273.8946440300417,6.058824080431555,281.95166666666665,283.532,284.126,144.303,273.44243512563395,6.151976474241219,281.95166666666665,283.532,1.0,1321.6686141248945,132.16686141248945,31.042454520376598,100.62894240759832,208.5360985754963,6.058824080431555,1006.2894240759831,30.5860709974591,65.35854545454545,3,0
prefill_token_power_modeling_1777904889,4000,4000.0,2,3172.5534200668335,0.39533743903218604,634.3584060668945,0.08395652223370091,277.2485326788758,1.5942520208521784,280.155,285.347,286.12,221.114,276.80367295597483,1.472738878350543,280.155,285.347,1.0,879.5860956926343,175.9172191385269,5.167456426087705,134.4465237560445,211.88998722433038,1.5942520208521784,672.2326187802225,5.141617746108803,65.35854545454545,2,0
prefill_token_power_modeling_1777904889,5000,5000.0,2,3112.563967704773,6.055490606651211,778.0082821846008,1.471177894121267,285.5140881633291,1.4003466985652968,285.6385,288.929,289.096,275.17,285.4715512820513,1.474634930278303,285.6385,288.929,1.0,888.6851029824016,222.1712757456004,6.087596555188278,171.3131123547472,220.15554270878368,1.4003466985652968,685.2524494189888,5.691818497123939,65.35854545454545,2,0
prefill_token_power_modeling_1777904889,6000,6000.0,2,3726.1037826538086,7.272523004251787,931.3701093196869,1.8287939037362029,284.67163275817836,0.6128145224336435,285.12800000000004,287.13,287.15,278.05,284.6821410930941,0.6029814551832842,285.12800000000004,287.13,1.0,1060.7182759883403,265.1795689970851,4.353691507996823,204.2963881353519,219.31308730363295,0.6128145224336435,817.1855525414076,3.8783699826542586,65.35854545454545,2,0
prefill_token_power_modeling_1777904889,8000,8000.0,2,3783.582091331482,3.1355569418164726,1261.028528213501,1.0243370062087684,290.5334203523701,0.9877866470764259,289.169,296.171,296.727,286.652,290.54292664146817,0.9694855632992389,289.169,296.171,1.0,1099.25549754787,366.41849918262335,2.8263877849191905,283.98869181685905,225.17487489782468,0.9877866470764259,851.9660754505771,3.0313232258262524,65.35854545454545,2,0
prefill_token_power_modeling_1777904889,10000,10000.0,2,4973.874449729919,4.172369415184465,1657.7366987864175,1.3609498363158292,289.8032786854795,0.8184592084711597,287.119,299.62649999999996,300.304,282.475,289.8338623481782,0.8159038909526141,287.119,299.62649999999996,1.0,1441.4468307587504,480.4822769195834,5.280079681568338,372.1205438169584,224.44473323093405,0.8184592084711597,1116.361631450875,5.007379685492824,65.35854545454545,2,0
prefill_token_power_modeling_1777904889,12000,12000.0,2,6022.664666175842,4.894260636479059,2007.3366959889731,1.5812373645326614,292.1778871957264,0.11144989866464168,290.30224999999996,301.736,302.097,285.528,292.22001,0.10577374637509003,290.30224999999996,301.736,1.0,1759.6897101840382,586.5632367280127,2.1012200988879157,455.35236928076654,226.81934174118095,0.11144989866464168,1366.0571078422997,1.7813383426121636,65.35854545454545,2,0
prefill_token_power_modeling_1777904889,15000,15000.0,2,7711.494207382202,3.064918823712214,2570.275743802388,1.0284392994639362,297.19781710421313,0.12395087491042828,299.37699999999995,302.8835,303.9,289.199,297.2150943177491,0.12069140878448313,299.37699999999995,302.8835,1.0,2291.83905509609,763.9463516986966,0.04495926986308075,595.9423368068121,231.8392716496677,0.12395087491042828,1787.8270104204362,0.24527790611727096,65.35854545454545,2,0
prefill_token_power_modeling_1777904889,18000,18000.0,2,9720.59690952301,21.034817742211036,3239.980975786845,6.9886780284805265,294.19683224837615,1.4905264669265033,298.9355,304.2633000000001,306.083,277.602,294.212280220157,1.4936268357774674,298.9355,304.2633000000001,1.0,2859.7844948213105,953.2614982737703,20.67718371464826,741.4868066216457,228.83828679383075,1.4905264669265033,2224.4604198649367,19.30237862311586,65.35854545454545,2,0
prefill_token_power_modeling_1777904889,20000,20000.0,2,11014.509677886963,8.628640001938313,3671.1798508961997,2.9135273438610825,293.2612459401497,3.4278905388375285,297.24850000000004,301.8755,306.12,273.771,293.25399457413397,3.4253235761165146,297.24850000000004,301.8755,1.0,3230.1140425402546,1076.7046808467517,35.22608779702548,836.740570366183,227.90270048560427,3.4278905388375285,2510.221711098549,35.790043156802966,65.35854545454545,2,0
